pass,frame,zoom,frame_ms,setup,sphere,sphere_politics,flat,foliage,flat_politics,sun,markers
0,0,0.6,9.8646,0.007,3.7142,2.9338,0,0,0.0001,0.0015,0.0047
0,1,0.600852,6.9916,0.0016,2.5569,1.8458,0,0,0.0001,0.0008,0.0013
0,2,0.603413,5.8168,0.0019,2.9573,1.9013,0,0,0,0.0009,0.0016
0,3,0.607702,5.2258,0.0014,2.4862,1.8815,0,0,0,0.0007,0.0011
0,4,0.613751,5.7088,0.0014,2.5445,1.8562,0,0,0,0.0007,0.0011
0,5,0.621603,5.7928,0.0015,2.7275,2.2326,0,0,0.0001,0.0009,0.0016
0,6,0.631317,5.4137,0.0016,2.6727,1.8608,0,0,0.0001,0.0007,0.0012
0,7,0.642964,5.8585,0.002,2.7171,1.9725,0,0,0,0.0008,0.0012
0,8,0.65663,5.2839,0.0015,2.4982,1.8562,0,0,0,0.0007,0.0012
0,9,0.672417,5.0074,0.0015,2.5375,1.8595,0,0,0,0.0007,0.0011
0,10,0.690442,5.7869,0.0012,2.5106,1.8838,0,0,0.0001,0.0006,0.001
0,11,0.710842,5.0259,0.0016,2.4937,1.8988,0,0,0,0.0009,0.0012
0,12,0.73377,4.9787,0.0015,2.4893,1.8872,0,0,0.0001,0.0007,0.0012
0,13,0.759401,4.9836,0.0013,2.5038,1.8645,0,0,0.0001,0.0006,0.0011
0,14,0.787932,4.9876,0.0013,2.5086,1.8641,0,0,0.0001,0.0012,0.0012
0,15,0.819581,4.8608,0.0013,2.368,1.8756,0,0,0.0001,0.0012,0.002
0,16,0.854596,4.7927,0.0011,2.356,1.8679,0,0,0.0001,0.0007,0.0012
0,17,0.893248,5.3161,0.0012,2.3238,1.8727,0,0,0,0.0008,0.0015
0,18,0.935842,4.9748,0.0019,2.4578,1.8702,0,0,0.0001,0.0007,0.0012
0,19,0.982714,4.8726,0.0012,2.4208,1.8662,0,0,0.0001,0.0006,0.0013
0,20,1.03424,5.0755,0.0013,2.3694,1.8881,0,0,0.0001,0.0007,0.0011
0,21,1.09082,4.8843,0.0013,2.3978,1.8864,0,0,0,0.0008,0.0014
0,22,1.15292,13.069,0.0012,2.4143,1.8778,0,0,0.0001,0.0008,6.066
0,23,1.22103,11.2568,0.003,3.2132,2.0534,0,0,0.0002,0.0012,3.4053
0,24,1.2957,9.1637,0.0022,2.3769,1.9475,0,0,0.0001,0.0013,3.4026
0,25,1.37755,9.9296,0.0015,2.3674,1.8898,0,0,0,0.0008,3.3483
0,26,1.46721,9.7886,0.0017,2.8769,1.8628,0,0,0.0002,0.0009,3.3968
0,27,1.56543,10.5232,0.0018,2.355,1.8618,0,0,0,0.0008,3.3264
0,28,1.67299,9.9947,0.0019,2.5065,1.8686,0,0,0.0001,0.001,3.3878
0,29,1.79076,9.5486,0.0026,2.9969,1.7885,0,0,0.0004,0.0014,3.2036
0,30,1.91967,8.5508,0.0035,2.517,1.7156,0,0,0.0002,0.0011,2.8146
0,31,2.06075,8.5928,0.0018,3.2348,1.2593,0,0,0.0001,0.0014,2.6302
0,32,2.21512,9.6541,0.0017,2.4717,1.2645,0,0,0,0.001,2.3758
0,33,2.38398,7.5473,0.0024,2.5335,1.2906,0,0,0.0001,0.0012,2.173
0,34,2.56862,17.4899,0.0016,7.1385,6.5736,0,0,0.0003,0.0035,1.9283
0,35,2.77047,15.8237,0.0016,6.8638,5.9088,0,0,0.0001,0.0011,1.4987
0,36,2.99101,14.4254,0.0016,5.3526,5.4641,0,0,0.0001,0.0018,1.2098
0,37,3.23189,13.0025,0.0019,5.7978,5.7546,0,0,0,0.0022,0.8868
0,38,3.49483,12.6987,0.0022,5.0803,5.4793,0,0,0.0001,0.0015,0.6691
0,39,3.78168,11.0978,0.0026,4.9886,4.8427,0,0,0.0001,0.0016,0.5108
0,40,4.0944,10.1276,0.002,4.6091,4.5756,0,0,0.0002,0.001,0.4606
0,41,4.43507,9.4636,0.0017,4.1475,4.5401,0,0,0,0.0012,0.3251
0,42,4.80587,10.0426,0.0014,4.5093,4.6804,0,0,0.0002,0.0025,0.3976
0,43,5.20909,8.6476,0.0016,3.647,4.3201,0,0,0.0001,0.0009,0.2368
0,44,5.64713,13.4895,0.0046,3.4246,4.1523,0.3522,0.0466,4.035,0.0012,0.249
0,45,6.12247,12.7637,0.0045,3.6269,4.049,0.293,0.0425,4.0676,0.0023,0.2243
0,46,6.63765,11.9107,0.0037,3.0083,3.9429,0.2397,0.0178,4.0228,0.0013,0.2304
0,47,7.19528,12.0647,0.0037,2.5264,4.141,0.2168,0.0104,3.9752,0.0001,0.2329
0,48,7.79802,11.6628,0.0031,2.477,3.9165,0.1917,0.009,3.9944,0.0001,0.1614
0,49,8.44851,8.134,0.0042,0,0.0001,0.2048,0.0109,6.0839,0.0001,0.1666
0,50,9.14942,7.104,0.0049,0,0.0001,0.1569,0.0132,6.1762,0.0001,0.137
0,51,9.90332,6.8205,0.003,0,0.0001,0.1361,0.0096,6.0094,0.0001,0.1509
0,52,10.7127,7.2018,0.0034,0,0,0.1423,0.0085,6.0677,0.0001,0.0937
0,53,11.58,7.6228,0.0039,0,0,0.1349,0.0062,6.2858,0.0001,0.1014
0,54,12.5074,7.1288,0.0029,0,0,0.0974,0.0039,5.9535,0,0.0849
0,55,13.4968,7.1659,0.0026,0,0,0.0833,0.0031,5.9533,0,0.0822
0,56,14.5499,6.6276,0.0023,0,0.0001,0.0785,0.003,5.9565,0.0001,0.112
0,57,15.6681,8.0478,0.0038,0,0,0.1106,0.0044,6.2396,0.0001,0.0929
0,58,16.8523,8.2415,0.0028,0,0.0001,0.0683,0.0029,6.0913,0,0.0838
0,59,18.103,7.1613,0.0037,0,0,0.1016,0.0043,6.1891,0.0001,0.0912
0,60,19.42,7.2544,0.0027,0,0.0001,0.0589,0.0027,6.0102,0,0.0863
0,61,20.8028,7.1211,0.0025,0,0,0.0566,0.0021,5.9061,0,0.0903
0,62,22.2498,5.4035,0.0035,0,0.0001,0.0521,0.0019,3.9623,0,0.1613
0,63,23.7592,5.069,0.003,0,0,0.0518,0.0022,3.9195,0.0001,0.0547
0,64,25.3279,5.1979,0.0028,0,0,0.0533,0.0018,3.9747,0.0001,0.0503
0,65,26.9524,5.0986,0.0044,0,0.0001,0.0447,0.0016,3.9922,0,0.0481
0,66,28.628,5.0926,0.0026,0,0,0.0411,0.0016,3.9459,0,0.0468
0,67,30.3493,4.7942,0.0024,0,0,0.0352,0.0014,3.9527,0.0001,0.0469
0,68,32.1099,5.0364,0.0028,0,0,0.0356,0.0013,3.9673,0,0.0468
0,69,33.9025,5.3115,0.0024,0,0,0.0344,0.0013,3.947,0.0001,0.0461
0,70,35.7189,5.0608,0.0025,0,0,0.0301,0.0012,3.9582,0,0.0473
0,71,37.55,4.9171,0.0023,0,0.0001,0.0287,0.0011,3.9557,0,0.0459
0,72,39.3859,4.6952,0.0025,0,0,0.031,0.0012,3.8784,0.0001,0.0464
0,73,41.2159,4.762,0.0024,0,0,0.0297,0.0011,3.946,0,0.0454
0,74,43.0287,5.0327,0.0061,0,0,0.0318,0.001,3.9464,0.0001,0.0533
0,75,44.8122,5.2096,0.0025,0,0,0.0279,0.001,3.9329,0.0001,0.0484
0,76,46.5543,4.7236,0.0025,0,0.0001,0.0274,0.0013,3.9245,0,0.0467
0,77,48.2421,5.1192,0.0022,0,0,0.0262,0.001,4.0071,0,0.0471
0,78,49.8629,4.8332,0.0024,0,0,0.0232,0.0011,3.8929,0,0.0461
0,79,51.4039,5.051,0.0024,0,0.0001,0.0231,0.001,3.9867,0,0.045
0,80,52.8524,4.9382,0.0023,0,0,0.0229,0.001,3.9728,0,0.0472
0,81,54.1964,5.322,0.0022,0,0,0.0235,0.0009,4.2011,0.0001,0.0544
0,82,55.424,5.0529,0.0028,0,0,0.0254,0.0012,3.937,0,0.0476
0,83,56.5243,4.7345,0.0023,0,0.0001,0.0237,0.0009,3.8985,0,0.0477
0,84,57.4875,4.7403,0.0024,0,0,0.0229,0.0009,3.9288,0,0.0454
0,85,58.3045,5.1958,0.0026,0,0,0.0236,0.001,3.9466,0,0.0498
0,86,58.9677,5.1482,0.003,0,0,0.0268,0.0012,4.0112,0.0001,0.0532
0,87,59.4707,4.9656,0.0029,0,0,0.024,0.001,3.95,0.0001,0.0475
0,88,59.8088,4.7647,0.0026,0,0,0.0235,0.001,3.9603,0,0.0475
0,89,59.9787,5.0671,0.0022,0,0.0001,0.0225,0.001,3.9671,0,0.0458
0,90,59.9787,4.869,0.0024,0,0,0.0228,0.001,3.927,0,0.0472
0,91,59.8088,5.0533,0.0023,0,0,0.0228,0.0009,3.9442,0.0001,0.0462
0,92,59.4707,5.1268,0.0024,0,0,0.0238,0.001,3.9695,0,0.0474
0,93,58.9677,4.9321,0.0023,0,0,0.0221,0.001,3.9116,0,0.0451
0,94,58.3045,5.2243,0.0026,0,0,0.0232,0.001,4.1217,0.0002,0.051
0,95,57.4875,4.8853,0.0026,0,0.0001,0.0231,0.0011,3.9667,0,0.0483
0,96,56.5243,4.9956,0.0025,0,0,0.0254,0.0009,3.9571,0,0.0457
0,97,55.424,5.2806,0.0023,0,0.0001,0.0238,0.001,3.9775,0.0003,0.0519
0,98,54.1964,7.4593,0.003,0,0.0001,0.0295,0.0013,3.9636,0,0.0529
0,99,52.8524,5.5948,0.0025,0,0,0.0241,0.0009,3.9588,0,0.0505
0,100,51.4039,5.2095,0.0039,0,0.0001,0.032,0.0017,4.006,0.0002,0.0628
0,101,49.8629,5.139,0.0028,0,0.0001,0.0287,0.0012,3.9974,0.0001,0.0485
0,102,48.2421,5.0279,0.0027,0,0,0.0307,0.0013,4.0666,0,0.0477
0,103,46.5543,4.9547,0.0025,0,0.0001,0.0287,0.0011,4.0463,0,0.049
0,104,44.8122,4.7838,0.0026,0,0,0.0275,0.0011,3.964,0.0001,0.0458
0,105,43.0287,4.7802,0.0027,0,0,0.0327,0.0011,3.9262,0.0001,0.045
0,106,41.2159,4.6133,0.0022,0,0.0001,0.0292,0.0009,4.0077,0.0001,0.0519
0,107,39.3859,5.1235,0.0025,0,0,0.031,0.0014,3.9991,0,0.0455
0,108,37.55,5.2924,0.0026,0,0.0001,0.0288,0.0017,3.9297,0,0.0465
0,109,35.7189,4.8873,0.0025,0,0,0.0302,0.0015,3.9861,0,0.0496
0,110,33.9025,5.8363,0.0026,0,0,0.0367,0.0012,3.9437,0,0.0457
0,111,32.1099,5.0315,0.0026,0,0,0.0348,0.0014,3.9094,0,0.0463
0,112,30.3493,5.5133,0.0022,0,0.0001,0.0355,0.0018,4.0095,0,0.0478
0,113,28.628,4.9111,0.0033,0,0,0.0481,0.002,4.0059,0.0001,0.0599
0,114,26.9524,5.4076,0.0026,0,0,0.0453,0.0027,4.0591,0,0.0531
0,115,25.3279,5.5128,0.0032,0,0,0.053,0.0019,4.3698,0.0001,0.0575
0,116,23.7592,5.199,0.0038,0,0,0.0566,0.0039,3.9552,0.0001,0.0528
0,117,22.2498,5.0228,0.0027,0,0.0001,0.0551,0.002,3.969,0,0.0887
0,118,20.8028,5.2192,0.0024,0,0,0.0558,0.0021,3.9898,0,0.0863
0,119,19.42,7.2473,0.0025,0,0.0001,0.0651,0.0035,6.018,0.0001,0.087
0,120,18.103,7.4469,0.0026,0,0,0.0641,0.0023,5.9531,0.0001,0.0899
0,121,16.8523,7.154,0.0029,0,0,0.0722,0.0042,5.9409,0,0.0922
0,122,15.6681,5.6571,0.0033,0,0.0001,0.0733,0.0028,5.0874,0.0002,0.0951
0,123,14.5499,5.4717,0.0029,0,0,0.0946,0.0048,4.238,0,0.0844
0,124,13.4968,5.1976,0.0026,0,0,0.0937,0.0033,3.9844,0,0.0862
0,125,12.5074,5.2321,0.0026,0,0,0.1003,0.0047,3.9838,0.0001,0.0841
0,126,11.58,5.2944,0.0028,0,0.0001,0.1095,0.0054,3.9669,0.0001,0.0937
0,127,10.7127,4.958,0.0025,0,0.0001,0.1128,0.0057,3.9521,0.0001,0.0923
0,128,9.90332,7.4682,0.0027,0,0.0001,0.1329,0.0075,6.0617,0,0.1187
0,129,9.14942,7.1159,0.0027,0,0,0.1425,0.0103,5.958,0.0002,0.1334
0,130,8.44851,7.6357,0.0028,0,0.0001,0.1633,0.0105,6.0354,0,0.1491
0,131,7.79802,11.4569,0.0035,2.6733,3.9022,0.188,0.0091,4.0809,0.0001,0.1677
0,132,7.19528,11.3943,0.0033,2.5539,3.9785,0.2668,0.0132,3.972,0.0001,0.1722
0,133,6.63765,12.189,0.0031,3.1828,4.024,0.2503,0.0216,4.0282,0.0017,0.203
0,134,6.12247,12.7247,0.0033,3.0325,4.0294,0.291,0.0288,3.9962,0.0013,0.23
0,135,5.64713,13.069,0.0075,3.7789,4.0978,0.3247,0.0417,4.1175,0.0021,0.2519
0,136,5.20909,8.5914,0.0039,3.6211,4.2636,0,0,0.0001,0.0007,0.239
0,137,4.80587,9.6953,0.0026,4.5237,4.4436,0,0,0,0.0012,0.297
0,138,4.43507,9.9989,0.0023,4.1132,4.4646,0,0,0.0001,0.0007,0.3143
0,139,4.0944,10.4722,0.0011,4.4329,4.5427,0,0,0.0001,0.0009,0.4524
0,140,3.78168,10.7292,0.0015,4.9068,4.8368,0,0,0.0001,0.0021,0.514
0,141,3.49483,11.5525,0.0018,5.1661,5.2247,0,0,0.0001,0.0009,0.6892
0,142,3.23189,11.8616,0.0015,5.1426,5.3659,0,0,0,0.0009,0.8567
0,143,2.99101,13.2474,0.0013,5.2217,5.4843,0,0,0,0.001,1.1862
0,144,2.77047,15.8909,0.0018,6.8838,5.8652,0,0,0.0001,0.0024,1.4987
0,145,2.56862,21.2531,0.0019,7.1338,6.346,0,0,0.0001,0.0021,1.922
0,146,2.38398,6.9578,0.0025,2.5401,1.2936,0,0,0.0002,0.0028,2.2009
0,147,2.21512,7.0335,0.002,2.5311,1.3068,0,0,0.0001,0.0012,2.3785
0,148,2.06075,7.7401,0.0016,2.4948,1.284,0,0,0.0001,0.0011,2.5877
0,149,1.91967,8.1106,0.0011,2.4643,1.7002,0,0,0.0001,0.001,2.739
0,150,1.79076,8.6981,0.0012,2.4387,1.7851,0,0,0,0.0007,3.0399
0,151,1.67299,9.4458,0.0014,2.4758,1.8429,0,0,0.0001,0.0011,3.329
0,152,1.56543,8.4141,0.0017,2.348,1.8472,0,0,0,0.0009,3.2927
0,153,1.46721,8.9425,0.0014,2.3628,1.8461,0,0,0.0002,0.001,3.3212
0,154,1.37755,8.5992,0.0016,2.3538,1.8685,0,0,0,0.001,3.2954
0,155,1.2957,9.3111,0.0017,2.4724,2.109,0,0,0.0001,0.0011,3.2874
0,156,1.22103,8.6665,0.0017,2.3366,1.8763,0,0,0,0.0009,3.3832
0,157,1.15292,8.9667,0.0017,2.411,1.8894,0,0,0.0002,0.0009,3.3214
0,158,1.09082,4.9191,0.0012,2.3182,1.8691,0,0,0.0001,0.0007,0.001
0,159,1.03424,5.389,0.0019,2.4103,1.8903,0,0,0.0002,0.0011,0.0013
0,160,0.982714,4.8692,0.0014,2.4399,1.8396,0,0,0,0.0008,0.0011
0,161,0.935842,5.344,0.0013,2.4064,1.8863,0,0,0.0001,0.0005,0.0011
0,162,0.893248,5.5798,0.0013,2.4067,1.9039,0,0,0.0001,0.0013,0.0014
0,163,0.854596,5.324,0.0017,2.313,1.8938,0,0,0,0.0006,0.001
0,164,0.819581,5.3669,0.0011,2.3115,1.8502,0,0,0,0.0006,0.001
0,165,0.787932,5.6662,0.0013,2.4504,1.8817,0,0,0.0001,0.0007,0.0011
0,166,0.759401,5.3968,0.0016,2.4596,1.8851,0,0,0.0001,0.0023,0.0014
0,167,0.73377,5.6447,0.0013,2.5135,1.9267,0,0,0,0.0012,0.0014
0,168,0.710842,5.364,0.0015,2.4741,1.9063,0,0,0,0.0008,0.0011
0,169,0.690442,5.254,0.0012,2.4705,1.861,0,0,0.0001,0.0006,0.001
0,170,0.672417,5.3901,0.0011,2.4607,1.8755,0,0,0,0.0007,0.001
0,171,0.65663,5.5494,0.0012,2.4556,1.8827,0,0,0,0.0009,0.0017
0,172,0.642964,5.5918,0.0016,2.4626,1.8784,0,0,0,0.0007,0.0011
0,173,0.631317,5.5192,0.0011,2.4577,1.8635,0,0,0,0.0006,0.001
0,174,0.621603,8.0592,0.0011,2.4564,1.8735,0,0,0,0.0009,0.001
0,175,0.613751,5.691,0.0013,2.4074,1.9257,0,0,0.0001,0.0006,0.001
0,176,0.607702,5.0376,0.0014,2.4297,1.9058,0,0,0,0.0008,0.0011
0,177,0.603413,5.4101,0.0013,2.4971,1.8986,0,0,0,0.0007,0.001
0,178,0.600852,5.5869,0.0011,2.4681,1.8878,0,0,0.0001,0.0007,0.0012
0,179,0.6,5.5707,0.0012,2.4487,1.8711,0,0,0.0001,0.0008,0.001
1,0,0.6,5.6626,0.0019,2.6751,1.8743,0,0,0,0.0012,0.0013
1,1,0.600852,5.2947,0.0029,2.5656,1.9626,0,0,0.0001,0.0014,0.0017
1,2,0.603413,5.878,0.0019,2.5735,1.9439,0,0,0.0001,0.0011,0.0021
1,3,0.607702,5.3184,0.002,2.4847,1.8775,0,0,0.0001,0.0006,0.0011
1,4,0.613751,5.584,0.0012,2.4657,1.8616,0,0,0,0.0006,0.0013
1,5,0.621603,5.8393,0.0019,2.6621,1.8933,0,0,0.0001,0.0018,0.0017
1,6,0.631317,5.4014,0.0021,2.4884,1.9158,0,0,0.0001,0.001,0.0016
1,7,0.642964,5.1643,0.0013,2.4415,1.8439,0,0,0,0.0007,0.0011
1,8,0.65663,6.5489,0.0019,2.9005,2.2594,0,0,0,0.0012,0.0019
1,9,0.672417,5.8667,0.0017,2.4901,1.9336,0,0,0.0002,0.0007,0.0012
1,10,0.690442,9.0529,0.0021,2.7061,2.3249,0,0,0.0001,0.0016,0.0022
1,11,0.710842,5.9178,0.0018,2.6126,1.9805,0,0,0.0002,0.0011,0.0014
1,12,0.73377,5.7064,0.0016,2.5072,1.9181,0,0,0,0.0007,0.0011
1,13,0.759401,5.2395,0.0013,2.6488,1.919,0,0,0.0002,0.0011,0.0012
1,14,0.787932,5.615,0.0014,2.52,1.8791,0,0,0.0001,0.0006,0.001
1,15,0.819581,5.9192,0.0012,2.327,2.3225,0,0,0.0001,0.0009,0.0015
1,16,0.854596,5.4674,0.0015,2.4297,1.947,0,0,0.0001,0.001,0.0017
1,17,0.893248,5.485,0.0017,2.3819,1.8741,0,0,0.0001,0.0007,0.0011
1,18,0.935842,5.3329,0.0019,2.3715,1.8864,0,0,0.0001,0.0007,0.0014
1,19,0.982714,5.6028,0.0019,2.3948,1.9329,0,0,0.0002,0.0014,0.0014
1,20,1.03424,8.1193,0.0017,2.7793,1.9006,0,0,0.0001,0.0013,0.0025
1,21,1.09082,7.5513,0.0022,3.3096,2.6796,0,0,0.0002,0.0031,0.0037
1,22,1.15292,10.3643,0.003,2.9975,1.9169,0,0,0.0003,0.0012,3.4477
1,23,1.22103,9.6203,0.0017,2.4557,1.9353,0,0,0.0002,0.0014,3.4915
1,24,1.2957,11.9845,0.0021,2.4493,2.3219,0,0,0.0002,0.0013,3.4267
1,25,1.37755,13.0095,0.0021,2.5059,1.996,0,0,0.0001,0.0013,3.5013
1,26,1.46721,11.6075,0.0034,2.9802,1.9396,0,0,0.0002,0.0015,3.4251
1,27,1.56543,9.7557,0.0017,2.4932,1.9265,0,0,0.0001,0.0015,3.4651
1,28,1.67299,9.8601,0.0021,2.6816,2.1073,0,0,0.0002,0.0016,3.4374
1,29,1.79076,9.1743,0.0018,2.5715,1.8265,0,0,0.0001,0.0015,3.1781
1,30,1.91967,8.792,0.0021,2.6016,1.7451,0,0,0.0001,0.001,2.837
1,31,2.06075,10.0424,0.002,2.689,1.3056,0,0,0.0002,0.0013,3.5867
1,32,2.21512,11.4504,0.0029,4.3004,1.9202,0,0,0.0001,0.0025,3.3889
1,33,2.38398,7.7382,0.0027,3.0723,1.2758,0,0,0.0001,0.001,2.0797
1,34,2.56862,19.8291,0.0013,7.0349,8.2798,0,0,0.0005,0.0061,2.7195
1,35,2.77047,16.4627,0.0023,7.334,5.8908,0,0,0.0002,0.0025,1.5193
1,36,2.99101,13.9517,0.002,5.4531,5.5634,0,0,0.0003,0.0046,1.2626
1,37,3.23189,12.5241,0.0028,5.1551,5.9234,0,0,0.0001,0.0017,0.8876
1,38,3.49483,11.5697,0.0017,5.061,5.2843,0,0,0.0002,0.0017,0.7241
1,39,3.78168,11.3359,0.0018,4.9225,4.7314,0,0,0.0001,0.0006,0.476
1,40,4.0944,11.1342,0.0012,4.6133,4.6601,0,0,0.0005,0.0014,0.4576
1,41,4.43507,9.5483,0.0019,4.1641,4.5706,0,0,0.0001,0.0023,0.3271
1,42,4.80587,9.6266,0.0017,4.5422,4.3635,0,0,0,0.0008,0.2983
1,43,5.20909,9.3569,0.0013,3.6083,4.2039,0,0,0,0.0008,0.2441
1,44,5.64713,13.2969,0.004,3.3899,4.0434,0.3525,0.0411,4.133,0.0014,0.2551
1,45,6.12247,12.3212,0.0033,2.9758,3.9712,0.2788,0.0278,4.2614,0.0018,0.2764
1,46,6.63765,12.0341,0.0034,3.0359,3.9102,0.2495,0.0182,4.1728,0.001,0.1941
1,47,7.19528,12.5433,0.0032,2.5276,3.8752,0.3127,0.0103,4.0419,0.0001,0.5671
1,48,7.79802,11.1111,0.0041,2.4587,3.8538,0.181,0.0086,4.0176,0,0.1628
1,49,8.44851,6.9285,0.003,0,0.0001,0.1685,0.0077,6.0771,0.0001,0.1948
1,50,9.14942,6.7963,0.0033,0,0,0.1798,0.0092,6.0898,0,0.1229
1,51,9.90332,5.3372,0.0027,0,0,0.1312,0.006,4.0134,0,0.1218
1,52,10.7127,5.4384,0.0022,0,0,0.1101,0.0044,3.9331,0,0.0837
1,53,11.58,4.6974,0.008,0,0.0002,0.1346,0.008,3.95,0,0.0992
1,54,12.5074,8.1602,0.0028,0,0,0.1018,0.0038,4.803,0.0003,0.0967
1,55,13.4968,5.2932,0.0028,0,0.0001,0.0859,0.0034,4.0153,0,0.0869
1,56,14.5499,4.6866,0.0024,0,0,0.0777,0.0031,4.0002,0.0001,0.0853
1,57,15.6681,5.1726,0.0025,0,0,0.0744,0.0029,3.9415,0,0.0841
1,58,16.8523,4.8849,0.0025,0,0,0.0707,0.0025,3.9611,0,0.0831
1,59,18.103,4.879,0.0024,0,0,0.0626,0.0024,3.9823,0,0.0828
1,60,19.42,5.6408,0.0023,0,0,0.0552,0.002,4.2765,0.0001,0.095
1,61,20.8028,5.1699,0.0029,0,0.0001,0.0554,0.0022,3.974,0,0.0846
1,62,22.2498,7.1749,0.0023,0,0,0.0483,0.0019,3.8941,0,0.0824
1,63,23.7592,5.1912,0.0033,0,0,0.0487,0.0016,3.9719,0,0.0501
1,64,25.3279,5.3462,0.0024,0,0,0.0474,0.0017,3.9485,0,0.0468
1,65,26.9524,7.5637,0.0023,0,0.0001,0.0415,0.0015,3.9224,0,0.0462
1,66,28.628,5.1867,0.0035,0,0.0001,0.0409,0.002,3.9522,0.0001,0.0508
1,67,30.3493,6.7891,0.0118,0,0.0002,0.0894,0.0045,6.1197,0.0002,0.0711
1,68,32.1099,5.1371,0.0037,0,0,0.0428,0.0035,3.9584,0,0.0505
1,69,33.9025,4.7918,0.0026,0,0.0001,0.0371,0.0016,3.9263,0.0001,0.0487
1,70,35.7189,7.487,0.0024,0,0,0.031,0.0012,3.9301,0.0001,0.0488
1,71,37.55,5.0021,0.0029,0,0,0.0316,0.0011,3.9167,0,0.0509
1,72,39.3859,4.8389,0.0025,0,0,0.031,0.0013,3.9358,0,0.0498
1,73,41.2159,5.5785,0.0035,0,0,0.0336,0.0015,4.5559,0.0002,0.0545
1,74,43.0287,4.7324,0.0029,0,0,0.0316,0.0012,3.8824,0,0.048
1,75,44.8122,4.7367,0.0025,0,0,0.0278,0.001,3.9196,0.0001,0.047
1,76,46.5543,5.0917,0.0025,0,0,0.0276,0.001,3.9475,0.0001,0.0495
1,77,48.2421,4.7363,0.0025,0,0.0001,0.0285,0.001,3.9151,0.0001,0.0468
1,78,49.8629,5.2787,0.0024,0,0,0.0234,0.0012,3.9363,0,0.0461
1,79,51.4039,4.7613,0.0025,0,0,0.0223,0.0009,3.9281,0.0001,0.049
1,80,52.8524,5.005,0.0024,0,0,0.023,0.001,3.9151,0.0001,0.0477
1,81,54.1964,4.7624,0.0024,0,0,0.023,0.0009,3.9256,0,0.046
1,82,55.424,5.7296,0.0023,0,0,0.0225,0.0009,3.977,0,0.0456
1,83,56.5243,5.1604,0.0033,0,0.0001,0.0291,0.0014,3.9953,0.0001,0.0542
1,84,57.4875,5.0817,0.0028,0,0,0.0248,0.0013,3.981,0,0.0477
1,85,58.3045,4.6639,0.0024,0,0,0.0219,0.0009,3.93,0,0.0469
1,86,58.9677,5.0809,0.0032,0,0,0.0269,0.0012,3.9333,0,0.0527
1,87,59.4707,5.093,0.0027,0,0.0001,0.0245,0.0012,3.9808,0,0.0462
1,88,59.8088,5.061,0.0024,0,0.0001,0.0223,0.001,3.9527,0.0001,0.0456
1,89,59.9787,5.0409,0.0041,0,0,0.042,0.0028,3.9854,0.0002,0.0602
1,90,59.9787,4.6348,0.0088,0,0.0001,0.057,0.0031,4.0277,0.0002,0.0654
1,91,59.8088,5.166,0.0032,0,0,0.0277,0.0022,4.0231,0,0.0503
1,92,59.4707,7.0752,0.0026,0,0.0001,0.0258,0.001,3.9523,0.0001,0.0467
1,93,58.9677,4.9619,0.0022,0,0.0001,0.023,0.0009,3.972,0,0.0487
1,94,58.3045,5.0867,0.0025,0,0,0.0235,0.0009,3.9769,0,0.0474
1,95,57.4875,7.6203,0.0024,0,0,0.0235,0.001,4.0022,0.0001,0.0452
1,96,56.5243,5.1662,0.0036,0,0.0001,0.0358,0.001,4.0069,0.0001,0.0488
1,97,55.424,4.8117,0.0025,0,0.0001,0.0266,0.0011,3.9552,0,0.0473
1,98,54.1964,5.1172,0.0024,0,0,0.024,0.0009,4.0124,0,0.046
1,99,52.8524,4.7997,0.0022,0,0,0.0248,0.0014,3.9027,0.0001,0.0498
1,100,51.4039,5.0926,0.0029,0,0,0.0247,0.0009,3.9693,0,0.0467
1,101,49.8629,5.0471,0.0025,0,0,0.0234,0.0009,3.9394,0,0.0451
1,102,48.2421,5.0895,0.0022,0,0,0.0269,0.0011,4.0413,0,0.0476
1,103,46.5543,8.0838,0.0024,0,0,0.027,0.001,6.6646,0.0001,0.0782
1,104,44.8122,8.4941,0.0043,0,0,0.0461,0.0021,7.3864,0.0001,0.083
1,105,43.0287,7.4728,0.0036,0,0,0.0348,0.0016,4.5126,0,0.0475
1,106,41.2159,5.0774,0.0023,0,0.0001,0.0296,0.0011,3.9579,0,0.048
1,107,39.3859,5.2538,0.0024,0,0,0.0302,0.0015,4.0616,0.0002,0.0548
1,108,37.55,5.0409,0.0027,0,0,0.03,0.0022,3.9168,0.0001,0.0463
1,109,35.7189,7.4876,0.0024,0,0,0.0293,0.0012,3.9503,0,0.0446
1,110,33.9025,4.7864,0.0024,0,0,0.0344,0.0011,3.9337,0.0001,0.051
1,111,32.1099,5.1092,0.0024,0,0,0.038,0.0017,3.9662,0,0.0464
1,112,30.3493,5.0316,0.0024,0,0,0.0357,0.0017,3.9596,0.0001,0.0456
1,113,28.628,5.1585,0.0023,0,0.0001,0.0407,0.0013,3.9879,0.0001,0.0469
1,114,26.9524,5.0804,0.0025,0,0,0.0434,0.0022,3.9591,0,0.0445
1,115,25.3279,5.0704,0.0022,0,0,0.0464,0.0015,3.9392,0.0001,0.0449
1,116,23.7592,4.8331,0.0024,0,0,0.0461,0.0036,3.9162,0.0001,0.0479
1,117,22.2498,5.0925,0.0023,0,0,0.0507,0.0016,3.9021,0.0001,0.0823
1,118,20.8028,5.1302,0.0025,0,0,0.0576,0.0021,3.9107,0,0.0809
1,119,19.42,5.1411,0.0023,0,0,0.061,0.0027,3.9443,0,0.107
1,120,18.103,7.0471,0.0026,0,0,0.0648,0.0023,3.9779,0.0001,0.0835
1,121,16.8523,4.8471,0.0023,0,0.0001,0.0662,0.0033,3.9494,0,0.0842
1,122,15.6681,4.7135,0.0023,0,0,0.0723,0.0027,3.9893,0,0.0846
1,123,14.5499,4.89,0.003,0,0,0.0814,0.0042,3.9359,0.0001,0.0862
1,124,13.4968,7.1499,0.0026,0,0,0.0875,0.0033,4.0819,0.0001,0.0824
1,125,12.5074,5.2039,0.0022,0,0,0.0911,0.0042,4.064,0.0001,0.0879
1,126,11.58,5.2721,0.0031,0,0.0001,0.1069,0.0059,4.0065,0.0001,0.0852
1,127,10.7127,7.6464,0.0024,0,0,0.1143,0.0059,3.965,0,0.0835
1,128,9.90332,5.2209,0.0035,0,0,0.1595,0.0082,4.0542,0.0002,0.1326
1,129,9.14942,5.0767,0.003,0,0,0.1576,0.011,4.0358,0,0.1174
1,130,8.44851,7.4129,0.0024,0,0,0.1681,0.0084,6.0153,0.0001,0.1502
1,131,7.79802,11.0722,0.0023,2.501,3.8662,0.1861,0.0088,3.9469,0.0003,0.159
1,132,7.19528,11.9482,0.0033,2.5897,3.8531,0.2119,0.0094,4.0739,0,0.2918
1,133,6.63765,11.6775,0.0033,2.9493,3.864,0.2312,0.0184,4.0051,0.0014,0.1947
1,134,6.12247,11.897,0.003,3.0131,3.9396,0.2759,0.027,3.9958,0.0007,0.2243
1,135,5.64713,13.0654,0.003,3.3452,4.0286,0.3155,0.0411,3.9565,0.0007,0.2451
1,136,5.20909,8.5756,0.0037,3.5561,4.1944,0,0,0,0.0008,0.2395
1,137,4.80587,10.0423,0.0026,4.4413,4.6794,0,0,0.0002,0.0017,0.3681
1,138,4.43507,9.3463,0.0018,4.1473,4.4343,0,0,0.0001,0.0017,0.3262
1,139,4.0944,9.8699,0.0014,4.4889,4.477,0,0,0.0001,0.0009,0.4517
1,140,3.78168,11.4702,0.0016,4.9061,4.8357,0,0,0,0.0013,0.4923
1,141,3.49483,12.0586,0.0016,5.0841,5.1577,0,0,0.0002,0.0012,0.7128
1,142,3.23189,12.6383,0.0015,5.083,6.2111,0,0,0.0001,0.0014,0.8456
1,143,2.99101,12.73,0.0014,5.2889,5.3887,0,0,0.0001,0.0016,1.2019
1,144,2.77047,15.9666,0.0018,6.8573,5.8529,0,0,0.0002,0.0017,1.5041
1,145,2.56862,23.7394,0.0018,8.4332,7.2189,0,0,0.0002,0.003,1.9413
1,146,2.38398,7.3321,0.003,2.929,1.2909,0,0,0.0001,0.0015,2.2015
1,147,2.21512,7.6269,0.0022,2.7984,1.4751,0,0,0.0001,0.0025,2.5034
1,148,2.06075,8.1925,0.0015,2.6628,1.3154,0,0,0.0001,0.0026,2.6611
1,149,1.91967,11.241,0.0019,2.5114,1.7188,0,0,0.0001,0.0009,2.812
1,150,1.79076,9.3129,0.0023,2.557,1.8278,0,0,0.0001,0.0015,3.227
1,151,1.67299,11.5002,0.002,2.5447,1.8943,0,0,0.0002,0.0023,3.9481
1,152,1.56543,10.1582,0.0023,2.3958,1.8961,0,0,0.0002,0.0012,3.7812
1,153,1.46721,10.1687,0.0024,2.4231,1.925,0,0,0.0002,0.0015,3.4663
1,154,1.37755,9.6227,0.0019,2.4706,1.9234,0,0,0.0001,0.0013,3.4246
1,155,1.2957,9.5891,0.0022,2.4426,1.9513,0,0,0.0001,0.0014,3.4045
1,156,1.22103,10.6265,0.0024,2.5542,2.3442,0,0,0.0001,0.0033,3.882
1,157,1.15292,11.0995,0.002,2.9039,2.2041,0,0,0.0001,0.0027,3.9244
1,158,1.09082,5.6083,0.002,2.6857,2.1348,0,0,0.0002,0.0013,0.0016
1,159,1.03424,5.5939,0.0027,2.7291,2.1365,0,0,0,0.001,0.0013
1,160,0.982714,5.9415,0.0015,2.7891,2.1812,0,0,0.0001,0.0016,0.0028
1,161,0.935842,6.2215,0.002,2.7911,2.1051,0,0,0,0.0009,0.0013
1,162,0.893248,5.8855,0.0018,2.5125,1.9501,0,0,0.0001,0.0016,0.002
1,163,0.854596,7.9326,0.0022,2.4812,1.9434,0,0,0.0001,0.0014,0.0018
1,164,0.819581,5.7016,0.0019,2.4446,1.9836,0,0,0.0001,0.0019,0.0023
1,165,0.787932,5.9088,0.0017,2.6114,1.9394,0,0,0,0.0009,0.0019
1,166,0.759401,8.3665,0.0016,2.5902,1.9229,0,0,0.0001,0.0007,0.0013
1,167,0.73377,5.8335,0.0017,2.5771,1.9338,0,0,0.0001,0.0011,0.0014
1,168,0.710842,5.8337,0.0016,2.5783,1.9193,0,0,0.0001,0.0008,0.0018
1,169,0.690442,7.7614,0.0015,3.3708,2.6357,0,0,0.0001,0.0018,0.0022
1,170,0.672417,5.7921,0.0027,2.6958,1.9575,0,0,0.0001,0.0015,0.0023
1,171,0.65663,5.9978,0.0019,2.6377,2.0004,0,0,0.0001,0.001,0.0019
1,172,0.642964,5.78,0.0024,2.7488,1.9371,0,0,0,0.0011,0.0013
1,173,0.631317,5.7416,0.0014,2.6126,1.9863,0,0,0.0002,0.0011,0.0014
1,174,0.621603,5.9303,0.0017,2.6517,1.9754,0,0,0.0002,0.0012,0.0014
1,175,0.613751,5.6746,0.0015,2.5696,1.9,0,0,0.0002,0.0007,0.0013
1,176,0.607702,5.5817,0.0013,2.5727,1.9333,0,0,0.0001,0.0009,0.001
1,177,0.603413,5.7742,0.0017,2.5506,1.9196,0,0,0.0001,0.0012,0.0013
1,178,0.600852,5.7907,0.0015,2.5822,1.909,0,0,0,0.0009,0.001
1,179,0.6,5.2697,0.0016,2.5774,1.9897,0,0,0.0002,0.0016,0.0022
2,0,0.6,5.5516,0.0015,2.555,1.6626,0,0,0,0.0011,0.0011
2,1,0.600852,5.4389,0.0015,2.5708,1.6419,0,0,0,0.0007,0.001
2,2,0.603413,5.6633,0.0012,2.8759,1.6856,0,0,0.0001,0.0012,0.0017
2,3,0.607702,5.5511,0.0015,2.5655,1.6434,0,0,0.0001,0.0008,0.0011
2,4,0.613751,5.1736,0.002,2.5777,1.6482,0,0,0.0001,0.0009,0.0012
2,5,0.621603,7.5289,0.0013,3.4271,2.6408,0,0,0.0001,0.0014,0.0021
2,6,0.631317,7.2662,0.004,2.634,1.6164,0,0,0.0003,0.001,0.0014
2,7,0.642964,6.0391,0.0018,2.5821,1.6579,0,0,0.0003,0.0015,0.0022
2,8,0.65663,5.6164,0.0025,2.7335,1.636,0,0,0,0.0012,0.0013
2,9,0.672417,5.2113,0.0016,2.5702,1.6304,0,0,0.0001,0.001,0.0012
2,10,0.690442,5.313,0.0013,2.6318,1.6425,0,0,0.0002,0.001,0.0015
2,11,0.710842,5.159,0.0015,2.5514,1.6401,0,0,0,0.0009,0.0014
2,12,0.73377,5.2057,0.0014,2.5578,1.6163,0,0,0,0.0007,0.0016
2,13,0.759401,5.8318,0.0011,2.5581,1.627,0,0,0,0.0008,0.0013
2,14,0.787932,5.4296,0.0016,2.5427,1.614,0,0,0.0001,0.0009,0.0013
2,15,0.819581,5.2184,0.0012,2.4012,1.612,0,0,0.0001,0.0009,0.0013
2,16,0.854596,10.1344,0.0021,4.1573,2.4964,0,0,0.0002,0.0016,0.0024
2,17,0.893248,5.1823,0.002,2.4181,1.6239,0,0,0.0001,0.0008,0.001
2,18,0.935842,4.9399,0.0011,2.3712,1.6227,0,0,0,0.0007,0.0011
2,19,0.982714,4.9688,0.0013,2.3679,1.6424,0,0,0.0001,0.001,0.001
2,20,1.03424,5.176,0.0012,2.3769,1.6312,0,0,0,0.0007,0.0011
2,21,1.09082,5.0364,0.0012,2.4321,1.6264,0,0,0,0.0008,0.0012
2,22,1.15292,8.5862,0.0012,2.3499,1.6041,0,0,0.0001,0.0006,3.3718
2,23,1.22103,8.9156,0.002,2.4167,1.6886,0,0,0.0001,0.0008,3.2412
2,24,1.2957,8.8617,0.0015,2.3792,1.6066,0,0,0.0001,0.0008,3.3325
2,25,1.37755,8.953,0.0015,2.6697,1.5773,0,0,0,0.0009,3.2965
2,26,1.46721,8.8217,0.0017,2.3833,1.5967,0,0,0.0001,0.0014,3.3236
2,27,1.56543,8.2746,0.0014,2.3416,1.5931,0,0,0,0.0011,3.297
2,28,1.67299,8.8035,0.0017,2.4905,1.5237,0,0,0.0001,0.0009,3.3109
2,29,1.79076,8.1579,0.0011,2.4665,1.4904,0,0,0.0001,0.0009,3.0457
2,30,1.91967,8.013,0.0028,2.4679,1.4194,0,0,0,0.0014,2.7262
2,31,2.06075,6.4294,0.0012,2.4682,0.0008,0,0,0,0.0006,2.5592
2,32,2.21512,5.8948,0.0014,2.4575,0.0011,0,0,0,0.0007,2.3501
2,33,2.38398,5.9063,0.0012,2.4485,0.0008,0,0,0,0.0007,2.0875
2,34,2.56862,10.2712,0.0012,6.9609,0.0012,0,0,0.0001,0.001,1.8422
2,35,2.77047,9.7696,0.0013,7.1454,0.0022,0,0,0.0001,0.0007,1.4813
2,36,2.99101,7.3989,0.0013,5.1594,0.0026,0,0,0,0.001,1.1764
2,37,3.23189,6.4414,0.0013,5.0045,0.1287,0,0,0,0.0007,0.844
2,38,3.49483,6.6388,0.0012,4.9784,0.1363,0,0,0,0.0007,0.6681
2,39,3.78168,6.4855,0.0012,5.3301,0.1309,0,0,0.0001,0.0008,0.4771
2,40,4.0944,5.3487,0.0014,4.3475,0.1144,0,0,0.0001,0.0009,0.4426
2,41,4.43507,5.6088,0.0013,4.0465,0.1122,0,0,0.0001,0.0007,0.3189
2,42,4.80587,6.0899,0.0017,4.5562,0.116,0,0,0.0001,0.0007,0.2991
2,43,5.20909,4.3194,0.0013,3.5273,0.105,0,0,0.0001,0.0006,0.2454
2,44,5.64713,5.1914,0.0035,3.3296,0.1099,0.3207,0.0406,0.0249,0.0007,0.2448
2,45,6.12247,5.2672,0.0029,2.9973,0.5728,0.3503,0.0279,0.0211,0.0008,0.2143
2,46,6.63765,3.8471,0.0025,2.9018,0.1059,0.2328,0.0169,0.0158,0.0006,0.1823
2,47,7.19528,4.1547,0.0023,2.4516,0.088,0.206,0.0092,0.0151,0.0001,0.2248
2,48,7.79802,3.6838,0.0027,2.4184,0.0967,0.1801,0.0083,0.0123,0.0001,0.1587
2,49,8.44851,0.7726,0.003,0,0,0.1608,0.0078,0.0118,0,0.1508
2,50,9.14942,0.8476,0.0024,0,0.0001,0.1437,0.0072,0.1076,0.0001,0.1769
2,51,9.90332,1.2452,0.0036,0,0.0001,0.1617,0.0073,0.0132,0.0001,0.1448
2,52,10.7127,0.7246,0.0037,0,0,0.1415,0.0055,0.011,0.0001,0.1043
2,53,11.58,1.0945,0.0027,0,0.0001,0.1046,0.0038,0.01,0,0.4972
2,54,12.5074,0.5708,0.0024,0,0,0.0923,0.0035,0.0081,0,0.0809
2,55,13.4968,0.553,0.0028,0,0.0001,0.0856,0.0033,0.0091,0.0001,0.0834
2,56,14.5499,0.6529,0.0022,0,0,0.0793,0.0036,0.0076,0,0.1033
2,57,15.6681,0.5951,0.0028,0,0,0.0859,0.0033,0.0072,0,0.1001
2,58,16.8523,0.5069,0.0022,0,0,0.063,0.0026,0.0061,0.0001,0.0795
2,59,18.103,1.3172,0.0023,0,0,0.0602,0.0023,0.0059,0,0.492
2,60,19.42,0.5235,0.0027,0,0,0.0548,0.0023,0.0061,0,0.0818
2,61,20.8028,1.0542,0.0023,0,0,0.0507,0.0019,0.0057,0,0.5146
2,62,22.2498,0.6264,0.0034,0,0,0.0626,0.0025,0.0078,0,0.1026
2,63,23.7592,0.8222,0.0035,0,0,0.0587,0.0023,0.0079,0.0001,0.1748
2,64,25.3279,0.471,0.0026,0,0,0.0456,0.0017,0.0061,0,0.0459
2,65,26.9524,1.2672,0.0022,0,0,0.041,0.0015,0.0049,0,0.4984
2,66,28.628,1.1841,0.0037,0,0.0001,0.0629,0.0023,0.0099,0,0.0761
2,67,30.3493,0.5294,0.0029,0,0,0.0379,0.0016,0.0055,0,0.047
2,68,32.1099,1.6368,0.0026,0,0,0.0355,0.0014,0.0058,0,1.1516
2,69,33.9025,1.2863,0.0034,0,0,0.0439,0.0017,0.0091,0,0.8782
2,70,35.7189,0.4302,0.0022,0,0,0.0285,0.0012,0.0048,0,0.0449
2,71,37.55,0.4248,0.0021,0,0.0001,0.0273,0.0013,0.0047,0,0.0442
2,72,39.3859,0.4452,0.0022,0,0,0.0273,0.0012,0.0255,0.0001,0.0441
2,73,41.2159,0.4449,0.0021,0,0.0001,0.0268,0.001,0.0045,0,0.0491
2,74,43.0287,1.3445,0.0021,0,0,0.0275,0.001,0.005,0,0.0447
2,75,44.8122,0.4261,0.0025,0,0.0001,0.027,0.001,0.0049,0,0.045
2,76,46.5543,0.5429,0.0022,0,0.0001,0.025,0.001,0.0044,0.0001,0.1674
2,77,48.2421,1.3695,0.0021,0,0.0001,0.0248,0.0012,0.0043,0,1.0007
2,78,49.8629,0.4129,0.0022,0,0,0.0222,0.0011,0.004,0.0001,0.0435
2,79,51.4039,0.4296,0.0021,0,0,0.0251,0.0009,0.0042,0,0.0433
2,80,52.8524,0.5088,0.0023,0,0,0.023,0.001,0.0952,0.0001,0.0451
2,81,54.1964,0.4111,0.0021,0,0,0.0222,0.001,0.0041,0,0.0433
2,82,55.424,1.2844,0.0027,0,0,0.0278,0.0009,0.0043,0,0.0436
2,83,56.5243,0.4136,0.0022,0,0,0.0223,0.0009,0.0046,0,0.0442
2,84,57.4875,0.5559,0.0021,0,0,0.0209,0.0011,0.0038,0,0.1861
2,85,58.3045,1.6019,0.0021,0,0.0001,0.021,0.0009,0.0041,0.0001,1.0696
2,86,58.9677,0.4936,0.0037,0,0.0001,0.0351,0.0018,0.0069,0.0001,0.0554
2,87,59.4707,1.2142,0.0025,0,0,0.0221,0.0011,0.7763,0,0.0502
2,88,59.8088,0.6378,0.0024,0,0,0.0221,0.001,0.2225,0,0.0451
2,89,59.9787,0.4169,0.0022,0,0,0.0215,0.0011,0.0038,0,0.0441
2,90,59.9787,1.2459,0.0021,0,0,0.021,0.0009,0.004,0,0.0428
2,91,59.8088,0.4099,0.0023,0,0.0001,0.0212,0.0009,0.0041,0,0.0433
2,92,59.4707,0.5511,0.0021,0,0,0.0206,0.0009,0.004,0,0.182
2,93,58.9677,1.4728,0.0022,0,0,0.0205,0.0009,0.0037,0.0001,1.1003
2,94,58.3045,0.4184,0.0022,0,0.0001,0.021,0.0009,0.0041,0,0.0446
2,95,57.4875,0.662,0.0048,0,0,0.0416,0.0019,0.0099,0.0001,0.0828
2,96,56.5243,0.4367,0.0029,0,0,0.0255,0.0012,0.0061,0,0.0482
2,97,55.424,0.4493,0.0023,0,0,0.0224,0.0012,0.004,0,0.0441
2,98,54.1964,1.008,0.0025,0,0,0.0262,0.0012,0.005,0,0.0545
2,99,52.8524,0.7363,0.0049,0,0,0.044,0.0021,0.0101,0.0001,0.0838
2,100,51.4039,0.5348,0.0027,0,0,0.0273,0.0011,0.0053,0,0.0564
2,101,49.8629,1.1705,0.0023,0,0.0001,0.0229,0.0009,0.0049,0,0.7201
2,102,48.2421,0.5039,0.0027,0,0.0001,0.0313,0.0014,0.0051,0.0001,0.0545
2,103,46.5543,0.5068,0.0025,0,0,0.03,0.0012,0.0051,0.0001,0.0532
2,104,44.8122,0.4351,0.0026,0,0,0.0301,0.0012,0.0051,0,0.0547
2,105,43.0287,0.4262,0.0022,0,0,0.0269,0.0009,0.0042,0,0.0444
2,106,41.2159,1.0995,0.0021,0,0.0001,0.0271,0.0009,0.0045,0,0.0431
2,107,39.3859,0.4512,0.0024,0,0,0.0271,0.0018,0.0075,0,0.0434
2,108,37.55,0.556,0.0023,0,0,0.0264,0.0015,0.0043,0,0.1584
2,109,35.7189,2.5581,0.0035,0,0,0.0465,0.002,0.0079,0,2.1415
2,110,33.9025,0.4401,0.0028,0,0,0.0349,0.0014,0.0051,0,0.0447
2,111,32.1099,0.4171,0.0022,0,0,0.0318,0.0015,0.0047,0.0001,0.0431
2,112,30.3493,0.4335,0.002,0,0,0.032,0.0013,0.0132,0,0.043
2,113,28.628,0.4593,0.0021,0,0.0001,0.0419,0.0012,0.0052,0,0.0436
2,114,26.9524,1.298,0.0021,0,0.0001,0.0393,0.0016,0.0049,0,0.0428
2,115,25.3279,0.448,0.0023,0,0,0.0448,0.0014,0.0054,0.0001,0.0444
2,116,23.7592,0.52,0.002,0,0,0.0424,0.0021,0.005,0,0.1236
2,117,22.2498,1.4145,0.0022,0,0,0.0461,0.0016,0.0053,0,1.0087
2,118,20.8028,0.4865,0.0023,0,0,0.0489,0.002,0.0055,0.0001,0.0779
2,119,19.42,0.5071,0.0022,0,0.0001,0.0524,0.0024,0.0055,0,0.0801
2,120,18.103,0.5126,0.0022,0,0,0.0591,0.002,0.0061,0,0.0798
2,121,16.8523,0.5308,0.0022,0,0,0.0613,0.0027,0.0059,0,0.0832
2,122,15.6681,1.0251,0.0021,0,0,0.0671,0.0027,0.0066,0,0.0795
2,123,14.5499,0.5187,0.002,0,0.0001,0.0715,0.0034,0.0067,0,0.0795
2,124,13.4968,0.547,0.0023,0,0.0001,0.0814,0.0034,0.0069,0,0.0896
2,125,12.5074,1.6416,0.0024,0,0,0.0916,0.0041,0.0076,0,1.0382
2,126,11.58,0.5677,0.0024,0,0,0.1008,0.0045,0.0093,0,0.0826
2,127,10.7127,0.5864,0.0022,0,0,0.1064,0.0054,0.0087,0,0.0836
2,128,9.90332,0.6223,0.0022,0,0.0001,0.1221,0.006,0.01,0.0001,0.1129
2,129,9.14942,0.6561,0.0022,0,0,0.137,0.0099,0.011,0.0001,0.1133
2,130,8.44851,1.374,0.0022,0,0,0.152,0.0091,0.0147,0,0.1476
2,131,7.79802,3.3709,0.0029,2.5058,0.1095,0.1757,0.0091,0.0128,0,0.1501
2,132,7.19528,3.412,0.0022,2.5051,0.0859,0.2081,0.0096,0.0148,0,0.1672
2,133,6.63765,3.8877,0.0023,2.9594,0.0961,0.2286,0.017,0.0158,0.001,0.1826
2,134,6.12247,4.6881,0.0023,3.0022,0.0933,0.2713,0.0274,0.0189,0.0006,0.2124
2,135,5.64713,4.4109,0.0024,3.2929,0.1051,0.3098,0.0413,0.0225,0.0006,0.2397
2,136,5.20909,4.3981,0.0023,3.6003,0.1043,0,0,0.0001,0.0006,0.2353
2,137,4.80587,5.9073,0.0022,4.4077,0.1141,0,0,0.0001,0.0006,0.2898
2,138,4.43507,4.8807,0.0011,4.0224,0.1145,0,0,0.0001,0.0007,0.3218
2,139,4.0944,7.5573,0.0012,4.378,0.1148,0,0,0,0.0007,0.4476
2,140,3.78168,7.2437,0.0022,5.0178,0.1329,0,0,0.0001,0.0008,0.5015
2,141,3.49483,6.2827,0.0013,4.9959,0.1376,0,0,0,0.0008,0.6964
2,142,3.23189,6.5792,0.0011,5.1285,0.1348,0,0,0.0001,0.0009,0.8443
2,143,2.99101,7.8187,0.0012,5.2269,0.0018,0,0,0,0.0006,1.1767
2,144,2.77047,10.4364,0.0016,7.4951,0.0046,0,0,0,0.001,1.4953
2,145,2.56862,10.5022,0.0026,7.538,0.0064,0,0,0.0001,0.0014,1.9668
2,146,2.38398,5.5333,0.002,2.5356,0.0027,0,0,0,0.0009,2.1488
2,147,2.21512,5.5343,0.0017,2.5129,0.0014,0,0,0.0001,0.0007,2.3294
2,148,2.06075,5.7466,0.0012,2.4645,0.001,0,0,0.0001,0.0005,2.5764
2,149,1.91967,7.4649,0.0034,2.4255,1.4275,0,0,0,0.0006,2.7159
2,150,1.79076,7.8339,0.0014,2.4598,1.502,0,0,0.0001,0.0008,3.0657
2,151,1.67299,8.1676,0.0012,2.4484,1.5299,0,0,0.0001,0.0007,3.2514
2,152,1.56543,8.0143,0.0012,2.3645,1.577,0,0,0.0001,0.0009,3.2569
2,153,1.46721,8.1032,0.0011,2.3381,1.5642,0,0,0.0001,0.0006,3.2717
2,154,1.37755,8.0605,0.0016,2.3635,1.6027,0,0,0.0002,0.0007,3.2709
2,155,1.2957,8.128,0.0012,2.34,1.5877,0,0,0.0001,0.0007,3.2527
2,156,1.22103,8.151,0.0017,2.404,1.6018,0,0,0.0001,0.0009,3.3072
2,157,1.15292,8.1023,0.0014,2.3561,1.6004,0,0,0,0.0007,3.2476
2,158,1.09082,4.6196,0.0013,2.4127,1.6313,0,0,0.0001,0.0009,0.0013
2,159,1.03424,4.4736,0.0012,2.3495,1.5947,0,0,0,0.0006,0.0011
2,160,0.982714,4.4693,0.0011,2.3325,1.5954,0,0,0,0.0006,0.001
2,161,0.935842,4.6057,0.0012,2.3478,1.6063,0,0,0.0001,0.0006,0.0011
2,162,0.893248,4.4995,0.0015,2.3413,1.5973,0,0,0.0001,0.0006,0.001
2,163,0.854596,4.4544,0.0013,2.3367,1.5961,0,0,0.0001,0.0006,0.0011
2,164,0.819581,4.4958,0.0011,2.3318,1.6014,0,0,0.0001,0.0006,0.001
2,165,0.787932,4.8379,0.0012,2.5451,1.6064,0,0,0.0001,0.0008,0.0012
2,166,0.759401,4.6115,0.0014,2.4697,1.6019,0,0,0,0.0006,0.0011
2,167,0.73377,4.6359,0.0014,2.4663,1.6001,0,0,0.0001,0.0006,0.001
2,168,0.710842,4.7158,0.0011,2.4758,1.6039,0,0,0,0.0006,0.0012
2,169,0.690442,4.6449,0.0011,2.4821,1.5981,0,0,0.0001,0.0006,0.001
2,170,0.672417,4.605,0.0011,2.4603,1.6087,0,0,0,0.0006,0.001
2,171,0.65663,4.625,0.0011,2.4621,1.5973,0,0,0,0.0006,0.001
2,172,0.642964,5.5108,0.0025,3.0963,1.6284,0,0,0.0001,0.0014,0.0015
2,173,0.631317,4.7829,0.002,2.5183,1.6304,0,0,0,0.0009,0.0012
2,174,0.621603,4.8505,0.0013,2.5871,1.6327,0,0,0.0001,0.0006,0.0012
2,175,0.613751,6.0654,0.0012,3.3804,1.7187,0,0,0.0002,0.0014,0.0022
2,176,0.607702,5.1778,0.0032,2.8191,1.6387,0,0,0.0001,0.0012,0.002
2,177,0.603413,4.8483,0.0016,2.5973,1.6152,0,0,0,0.0008,0.0013
2,178,0.600852,5.4855,0.0019,3.0709,1.6354,0,0,0.0002,0.001,0.0016
2,179,0.6,4.847,0.0018,2.5743,1.6149,0,0,0,0.001,0.0011
