pass,frame,zoom,game_minutes,residents,demographic_version,influence_revision,influence_changed,frame_ms,setup,sphere,sphere_politics,flat,foliage,flat_politics,sun,markers
3,0,0.6,1440,21275,426,1,0,6.9656,0.002,3.5699,2.2295,0,0,0.0002,0.0022,0.0041
3,1,0.600852,1440,21275,568,1,0,5.7711,0.0019,2.7331,1.9861,0,0,0.0001,0.0013,0.0022
3,2,0.603413,1440,21275,710,1,0,5.5792,0.0035,2.6681,1.9617,0,0,0.0001,0.0009,0.0015
3,3,0.607702,1440,21275,852,1,0,5.5466,0.0014,2.6314,1.9533,0,0,0,0.0008,0.0013
3,4,0.613751,1440,21275,994,1,0,5.5005,0.0017,2.6304,1.9622,0,0,0.0002,0.0011,0.0017
3,5,0.621603,1440,21275,1136,1,0,5.5591,0.0019,2.641,1.9661,0,0,0.0001,0.0007,0.0014
3,6,0.631317,1440,21275,1278,1,0,5.4906,0.0014,2.625,1.9457,0,0,0.0002,0.001,0.0018
3,7,0.642964,1440,21275,1420,1,0,5.5518,0.0017,2.6522,1.9738,0,0,0.0002,0.0011,0.0016
3,8,0.65663,1440,21275,1562,1,0,5.539,0.0014,2.5986,1.9891,0,0,0.0002,0.0008,0.0011
3,9,0.672417,1440,21275,1704,1,0,5.5268,0.002,2.6136,1.9712,0,0,0.0001,0.0011,0.0017
3,10,0.690442,1440,21275,1846,1,0,5.4757,0.0019,2.6269,1.919,0,0,0.0002,0.0008,0.0013
3,11,0.710842,1440,21275,1988,1,0,5.4411,0.0029,2.5864,1.9692,0,0,0.0003,0.0011,0.0012
3,12,0.73377,1440,21275,2130,1,0,5.5426,0.0021,2.6022,1.9423,0,0,0.0001,0.0015,0.0024
3,13,0.759401,1440,21275,2272,1,0,5.4927,0.002,2.7326,1.9494,0,0,0.0001,0.0015,0.0019
3,14,0.787932,1440,21275,2414,1,0,5.9482,0.0018,2.7825,2.1227,0,0,0.0001,0.0018,0.0026
3,15,0.819581,1440,21275,2556,1,0,5.8862,0.0029,2.6013,2.1769,0,0,0.0001,0.0021,0.003
3,16,0.854596,1440,21275,2698,1,0,5.2157,0.0024,2.5408,1.9464,0,0,0.0002,0.0013,0.0015
3,17,0.893248,1440,21275,2840,1,0,5.3243,0.0013,2.4298,1.9453,0,0,0.0001,0.0009,0.0012
3,18,0.935842,1440,21275,2982,1,0,5.582,0.0018,2.4908,1.989,0,0,0.0001,0.0016,0.0037
3,19,0.982714,1440,21275,3124,1,0,5.172,0.0031,2.5237,1.9129,0,0,0,0.001,0.0014
3,20,1.03424,1440,21275,3266,1,0,5.2349,0.0014,2.4879,1.9199,0,0,0.0002,0.0008,0.0013
3,21,1.09082,1440,21275,3408,1,0,5.4755,0.0013,2.4378,2.1044,0,0,0.0001,0.0016,0.0018
3,22,1.15292,1440,21275,3550,1,0,9.2242,0.002,2.4833,1.9392,0,0,0.0002,0.0015,3.4509
3,23,1.22103,1440,21275,3692,1,0,10.6161,0.0028,2.6708,1.9459,0,0,0.0002,0.002,4.5989
3,24,1.2957,1440,21275,3834,1,0,9.8148,0.0018,2.5339,1.9973,0,0,0.0002,0.0019,3.5397
3,25,1.37755,1440,21275,3976,1,0,9.677,0.0019,3.055,1.9635,0,0,0.0001,0.0017,3.4703
3,26,1.46721,1440,21275,4118,1,0,9.6675,0.0017,2.5384,1.8972,0,0,0.0002,0.0017,3.8965
3,27,1.56543,1440,21275,4260,1,0,9.3357,0.0019,2.4377,1.8788,0,0,0.0001,0.0016,3.4904
3,28,1.67299,1440,21275,4402,1,0,9.3152,0.0026,2.6864,1.8835,0,0,0.0002,0.001,3.4879
3,29,1.79076,1440,21275,4544,1,0,8.9209,0.0019,2.5937,1.8065,0,0,0.0001,0.001,3.2467
3,30,1.91967,1440,21275,4686,1,0,8.4027,0.002,2.5094,1.7595,0,0,0.0002,0.0011,2.9362
3,31,2.06075,1440,21275,4828,1,0,8.0637,0.0017,2.5544,1.3144,0,0,0.0001,0.0014,3.1071
3,32,2.21512,1440,21275,4970,1,0,7.8966,0.0018,2.4902,1.3113,0,0,0.0001,0.0014,2.5511
3,33,2.38398,1440,21275,5112,1,0,7.674,0.0018,2.5259,1.2845,0,0,0.0001,0.0012,2.7
3,34,2.56862,1440,21275,5254,1,0,18.1296,0.0024,8.7676,6.1182,0,0,0.0003,0.0036,1.939
3,35,2.77047,1440,21275,5396,1,0,15.3096,0.0019,6.9916,5.6618,0,0,0.0002,0.0037,1.5129
3,36,2.99101,1440,21275,5538,1,0,13.0571,0.0017,5.2958,5.3658,0,0,0.0002,0.0033,1.2288
3,37,3.23189,1440,21275,5680,1,0,11.7971,0.0018,5.1757,5.1951,0,0,0,0.0018,0.8694
3,38,3.49483,1440,21275,5822,1,0,11.4457,0.0016,5.1709,4.863,0,0,0,0.001,0.6838
3,39,3.78168,1440,21275,5964,1,0,10.9915,0.0013,4.9969,4.9128,0,0,0.0001,0.0019,0.491
3,40,4.0944,1440,21275,6106,1,0,9.8871,0.0027,4.5531,4.3034,0,0,0.0001,0.0013,0.4773
3,41,4.43507,1440,21275,6248,1,0,9.3698,0.0015,4.2354,4.303,0,0,0.0001,0.0013,0.3313
3,42,4.80587,1440,21275,6390,1,0,10.0315,0.0013,4.5532,4.3963,0,0,0.0001,0.0015,0.3185
3,43,5.20909,1440,21275,6532,1,0,6.5425,0.002,3.6568,2.1748,0,0,0,0.0009,0.2466
3,44,5.64713,1440,21275,6674,1,0,10.6467,0.0046,3.3998,2.0673,0.3356,0.047,4.014,0.0012,0.2612
3,45,6.12247,1440,21275,6816,1,0,10.874,0.0038,3.1056,1.949,0.2843,0.0295,4.1651,0.0019,0.3458
3,46,6.63765,1440,21275,6958,1,0,11.364,0.005,3.7551,1.8502,0.2489,0.0195,4.0369,0.0012,0.2042
3,47,7.19528,1440,21275,7100,1,0,9.4479,0.0033,2.5431,1.8963,0.2261,0.0113,4.0919,0.0002,0.1711
3,48,7.79802,1440,21275,7242,1,0,10.5454,0.0047,2.5419,1.8523,0.1887,0.0105,4.0769,0.0001,0.6783
3,49,8.44851,1440,21275,7384,1,0,5.5535,0.0052,0,0,0.2399,0.014,4.586,0.0001,0.1695
3,50,9.14942,1440,21275,7526,1,0,6.0159,0.0055,0,0.0001,0.2788,0.0142,4.5449,0.0001,0.1277
3,51,9.90332,1440,21275,7668,1,0,4.9889,0.0028,0,0.0001,0.1342,0.0067,4.2217,0.0002,0.141
3,52,10.7127,1440,21275,7810,1,0,4.9877,0.0045,0,0,0.1244,0.006,4.0398,0.0001,0.0983
3,53,11.58,1440,21275,7952,1,0,4.6089,0.0033,0,0.0001,0.1135,0.0054,3.9322,0.0001,0.0877
3,54,12.5074,1440,21275,8094,1,0,5.4046,0.0028,0,0,0.1014,0.0041,4.5307,0.0001,0.1006
3,55,13.4968,1440,21275,8236,1,0,4.8003,0.0028,0,0,0.0882,0.0039,3.9466,0,0.0912
3,56,14.5499,1440,21275,8378,1,0,4.6801,0.0027,0,0,0.0824,0.0033,4.0651,0,0.0861
3,57,15.6681,1440,21275,8520,1,0,4.8216,0.0025,0,0,0.074,0.0028,4.0224,0,0.0871
3,58,16.8523,1440,21275,8662,1,0,4.837,0.0024,0,0,0.0679,0.0027,4.0315,0,0.0847
3,59,18.103,1440,21275,8804,1,0,4.5206,0.0024,0,0,0.0628,0.0023,3.9545,0.0001,0.085
3,60,19.42,1440,21275,8946,1,0,4.6741,0.0023,0,0,0.0557,0.0021,3.9764,0,0.1265
3,61,20.8028,1440,21275,9088,1,0,4.6822,0.0029,0,0.0001,0.0584,0.0025,3.9088,0.0001,0.0855
3,62,22.2498,1440,21275,9230,1,0,4.773,0.0023,0,0,0.0494,0.002,3.9847,0.0001,0.0912
3,63,23.7592,1440,21275,9372,1,0,4.4709,0.0024,0,0.0001,0.0494,0.0018,3.9686,0,0.0481
3,64,25.3279,1440,21275,9514,1,0,4.7908,0.0023,0,0,0.0481,0.0016,4.0492,0.0001,0.0522
3,65,26.9524,1440,21275,9656,1,0,4.9582,0.0027,0,0,0.046,0.0017,3.9681,0.0001,0.0497
3,66,28.628,1440,21275,9798,1,0,4.4486,0.0026,0,0.0001,0.0427,0.002,3.9307,0,0.0491
3,67,30.3493,1440,21275,9940,1,0,4.5324,0.0027,0,0,0.0362,0.0014,4.0209,0,0.0488
3,68,32.1099,1440,21275,10082,1,0,4.6695,0.0024,0,0,0.0356,0.0014,3.9518,0.0001,0.0482
3,69,33.9025,1440,21275,10224,1,0,4.6823,0.0025,0,0,0.0401,0.0015,3.9522,0,0.0532
3,70,35.7189,1440,21275,10366,1,0,4.9309,0.0027,0,0,0.0307,0.0012,4.3242,0.0005,0.0679
3,71,37.55,1440,21275,10508,1,0,4.6527,0.0032,0,0,0.0383,0.0021,3.9276,0,0.0486
3,72,39.3859,1440,21275,10650,1,0,4.5499,0.0025,0,0.0001,0.0304,0.0013,4.061,0.0001,0.0473
3,73,41.2159,1440,21275,10792,1,0,4.7541,0.0023,0,0,0.0332,0.0011,4.0222,0.0001,0.0515
3,74,43.0287,1440,21275,10934,1,0,4.7702,0.0024,0,0,0.0297,0.0012,4.0405,0.0001,0.0481
3,75,44.8122,1440,21275,11076,1,0,4.7531,0.0023,0,0,0.0276,0.001,4.0157,0.0001,0.0554
3,76,46.5543,1440,21275,11218,1,0,4.6437,0.0031,0,0,0.0315,0.0017,4.1249,0.0002,0.0551
3,77,48.2421,1440,21275,11360,1,0,4.4562,0.0027,0,0,0.0299,0.0014,3.9481,0,0.049
3,78,49.8629,1440,21275,11502,1,0,5.0421,0.0044,0,0.0001,0.0433,0.0017,4.2692,0.0002,0.0571
3,79,51.4039,1440,21275,11644,1,0,4.8144,0.0031,0,0.0001,0.0287,0.0016,4.0764,0,0.0487
3,80,52.8524,1440,21275,11786,1,0,4.4403,0.0025,0,0,0.0252,0.0013,3.9559,0,0.0482
3,81,54.1964,1440,21275,11928,1,0,4.521,0.0023,0,0,0.025,0.0011,4.0417,0,0.0482
3,82,55.424,1440,21275,12070,1,0,4.7108,0.0023,0,0,0.0239,0.0011,4.0172,0,0.0482
3,83,56.5243,1440,21275,12212,1,0,5.614,0.0025,0,0,0.0244,0.001,4.8265,0.0003,0.0695
3,84,57.4875,1440,21275,12354,1,0,4.7488,0.0038,0,0,0.0316,0.0017,3.9948,0.0001,0.0528
3,85,58.3045,1440,21275,12496,1,0,5.0711,0.0026,0,0,0.0264,0.0015,4.3096,0.0002,0.0615
3,86,58.9677,1440,21275,12638,1,0,4.7569,0.0036,0,0,0.028,0.0017,4.0067,0.0001,0.0574
3,87,59.4707,1440,21275,12780,1,0,4.5956,0.0029,0,0.0001,0.0264,0.0016,4.0864,0,0.0494
3,88,59.8088,1440,21275,12922,1,0,4.4329,0.0026,0,0,0.0254,0.0011,3.933,0,0.0483
3,89,59.9787,1440,21275,13064,1,0,5.6554,0.0024,0,0.0001,0.0246,0.001,4.4384,0.0002,0.087
3,90,59.9787,1440,21275,13206,1,0,6.414,0.0057,0,0,0.044,0.0026,5.6363,0.0001,0.0569
3,91,59.8088,1440,21275,13348,1,0,4.5129,0.004,0,0,0.0284,0.0018,4.0145,0,0.0488
3,92,59.4707,1440,21275,13490,1,0,4.9071,0.0024,0,0,0.0242,0.0011,4.0279,0.0002,0.0569
3,93,58.9677,1440,21275,13632,1,0,4.8515,0.0045,0,0.0001,0.037,0.0021,4.0571,0.0001,0.0604
3,94,58.3045,1440,21275,13774,1,0,4.5552,0.0031,0,0,0.0287,0.0018,4.0298,0.0001,0.0562
3,95,57.4875,1440,21275,13916,1,0,4.8011,0.0026,0,0.0001,0.026,0.0014,4.0644,0.0002,0.052
3,96,56.5243,1440,21275,14058,1,0,5.2082,0.0033,0,0,0.0295,0.0014,4.4382,0.0001,0.0602
3,97,55.424,1440,21275,14200,1,0,4.7512,0.0032,0,0.0001,0.0306,0.0017,3.9964,0,0.0545
3,98,54.1964,1440,21275,14342,1,0,4.7193,0.0025,0,0.0001,0.0272,0.0013,3.9815,0,0.0509
3,99,52.8524,1440,21275,14484,1,0,4.7294,0.0025,0,0,0.0271,0.0011,4.1229,0.0002,0.0798
3,100,51.4039,1440,21275,14626,1,0,4.8935,0.0026,0,0.0001,0.0278,0.0015,3.9474,0,0.0537
3,101,49.8629,1440,21275,14768,1,0,4.887,0.0027,0,0,0.0266,0.0014,4.0757,0.0001,0.0807
3,102,48.2421,1440,21275,14910,1,0,4.9493,0.0034,0,0.0001,0.0372,0.0018,4.2135,0.0001,0.0556
3,103,46.5543,1440,21275,15052,1,0,4.7343,0.0026,0,0,0.0302,0.0014,3.975,0,0.0551
3,104,44.8122,1440,21275,15194,1,0,4.7746,0.0031,0,0,0.0319,0.0014,4.0408,0,0.0506
3,105,43.0287,1440,21275,15336,1,0,4.7979,0.0023,0,0,0.0309,0.0015,4.0607,0.0001,0.0571
3,106,41.2159,1440,21275,15478,1,0,4.9145,0.0027,0,0.0001,0.0317,0.0013,4.3288,0.0002,0.08
3,107,39.3859,1440,21275,15620,1,0,4.9635,0.0029,0,0,0.0358,0.0017,4.1596,0.0001,0.0816
3,108,37.55,1440,21275,15762,1,0,5.1909,0.0033,0,0,0.0332,0.0025,4.4211,0.0001,0.058
3,109,35.7189,1440,21275,15904,1,0,4.5579,0.0028,0,0,0.0329,0.0025,4.0043,0,0.0536
3,110,33.9025,1440,21275,16046,1,0,4.8139,0.003,0,0,0.0435,0.0021,4.0098,0.0002,0.0629
3,111,32.1099,1440,21275,16188,1,0,4.8071,0.003,0,0,0.0397,0.0025,4.0204,0,0.0558
3,112,30.3493,1440,21275,16330,1,0,4.8064,0.0026,0,0,0.0382,0.0018,4.0503,0,0.0519
3,113,28.628,1440,21275,16472,1,0,4.8151,0.0026,0,0.0001,0.0442,0.0015,4.037,0.0001,0.0558
3,114,26.9524,1440,21275,16614,1,0,4.7888,0.0026,0,0,0.0452,0.0025,4.0233,0.0001,0.0553
3,115,25.3279,1440,21275,16756,1,0,4.8054,0.0025,0,0.0001,0.0488,0.0016,4.0545,0.0001,0.0529
3,116,23.7592,1440,21275,16898,1,0,4.5618,0.0024,0,0,0.0465,0.0031,4.0197,0,0.0512
3,117,22.2498,1440,21275,17040,1,0,5.3442,0.0027,0,0,0.0518,0.0018,4.3391,0.0001,0.1249
3,118,20.8028,1440,21275,17182,1,0,6.1377,0.0035,0,0,0.0769,0.0027,4.7341,0.0001,0.0903
3,119,19.42,1440,21275,17324,1,0,4.6637,0.0034,0,0,0.0618,0.0038,4.0444,0,0.0928
3,120,18.103,1440,21275,17466,1,0,5.1212,0.0027,0,0,0.0671,0.0022,4.0718,0.0001,0.0929
3,121,16.8523,1440,21275,17608,1,0,4.6217,0.0025,0,0.0001,0.0704,0.0037,4.0246,0,0.0855
3,122,15.6681,1440,21275,17750,1,0,4.8219,0.0023,0,0,0.0724,0.0027,4.0098,0.0001,0.0848
3,123,14.5499,1440,21275,17892,1,0,4.9131,0.0024,0,0.0001,0.0798,0.0044,4.0631,0.0001,0.0961
3,124,13.4968,1440,21275,18034,1,0,4.5426,0.0026,0,0,0.0884,0.0036,3.9391,0.0001,0.0852
3,125,12.5074,1440,21275,18176,1,0,4.8044,0.0023,0,0,0.0931,0.0046,3.9655,0,0.086
3,126,11.58,1440,21275,18318,1,0,5.0075,0.0036,0,0,0.112,0.0073,4.0837,0.0001,0.0912
3,127,10.7127,1440,21275,18460,1,0,4.6074,0.003,0,0,0.1189,0.0073,3.9426,0,0.0899
3,128,9.90332,1440,21275,18602,1,0,4.7985,0.0024,0,0,0.1329,0.0076,4.0842,0.0001,0.1231
3,129,9.14942,1440,21275,18744,1,0,4.9573,0.0023,0,0.0001,0.144,0.0106,4.0188,0,0.122
3,130,8.44851,1440,21275,18886,1,0,5.1247,0.0025,0,0.0001,0.163,0.0086,4.083,0.0001,0.1674
3,131,7.79802,1440,21275,19028,1,0,9.2535,0.0038,2.5971,1.8542,0.1875,0.0086,3.9692,0.0001,0.1726
3,132,7.19528,1440,21275,19170,1,0,10.6332,0.0035,2.6447,1.9716,0.2272,0.0117,3.9605,0.0001,0.6653
3,133,6.63765,1440,21275,19312,1,0,13.084,0.0039,3.0291,1.8794,0.2404,0.0171,6.1338,0.0031,0.2945
3,134,6.12247,1440,21275,19454,1,0,10.8015,0.0066,3.7034,1.9153,0.2866,0.0273,4.1045,0.0015,0.2393
3,135,5.64713,1440,21275,19596,1,0,10.6904,0.0033,3.4706,2.0235,0.3278,0.0417,4.0862,0.0013,0.2579
3,136,5.20909,1440,21275,19738,1,0,6.8456,0.0037,3.7527,2.1106,0,0,0,0.0011,0.2512
3,137,4.80587,1440,21275,19880,1,0,7.6342,0.0041,4.5242,2.3038,0,0,0.0001,0.0013,0.3185
3,138,4.43507,1440,21275,20022,1,0,9.2036,0.0015,4.1029,4.2788,0,0,0.0001,0.0013,0.33
3,139,4.0944,1440,21275,20164,1,0,10.2364,0.0013,4.5803,4.3725,0,0,0.0001,0.002,0.4747
3,140,3.78168,1440,21275,20306,1,0,10.8745,0.0017,5.1094,4.7061,0,0,0.0004,0.0021,0.5157
3,141,3.49483,1440,21275,20448,1,0,11.3648,0.0023,5.1293,4.9479,0,0,0.0001,0.0031,0.7099
3,142,3.23189,1440,21275,20590,1,0,11.6487,0.002,5.1254,5.0794,0,0,0.0003,0.002,0.8661
3,143,2.99101,1440,21275,20732,1,0,13.1204,0.0016,5.5343,5.2469,0,0,0.0004,0.0021,1.2311
3,144,2.77047,1440,21275,20874,1,0,15.4706,0.0019,7.0382,5.6354,0,0,0.0002,0.0019,1.5739
3,145,2.56862,1440,21275,21016,1,0,16.7102,0.0018,7.2938,6.1593,0,0,0.0004,0.0036,1.926
3,146,2.38398,1440,21275,21158,1,0,7.3558,0.0019,2.5562,1.2887,0,0,0.0001,0.0008,2.3301
3,147,2.21512,1440,21275,21300,1,0,7.5504,0.0032,2.5834,1.3067,0,0,0.0001,0.0018,2.5337
3,148,2.06075,1440,21275,21442,1,0,7.7836,0.002,2.5191,1.2837,0,0,0,0.001,2.5985
3,149,1.91967,1440,21275,21584,1,0,8.2851,0.0028,2.5058,1.7067,0,0,0.0001,0.001,2.8301
3,150,1.79076,1440,21275,21726,1,0,8.8869,0.0016,2.5795,1.7974,0,0,0.0001,0.0013,3.2026
3,151,1.67299,1440,21275,21868,1,0,9.1711,0.0023,2.5275,1.8682,0,0,0.0003,0.001,3.3777
3,152,1.56543,1440,21275,22010,1,0,8.9634,0.0021,2.415,1.8844,0,0,0.0001,0.0013,3.3816
3,153,1.46721,1440,21275,22152,1,0,9.0107,0.0015,2.4391,1.9093,0,0,0.0002,0.0014,3.3641
3,154,1.37755,1440,21275,22294,1,0,8.9679,0.0016,2.4193,1.9125,0,0,0.0003,0.0009,3.3934
3,155,1.2957,1440,21275,22436,1,0,8.959,0.0018,2.4507,1.8949,0,0,0.0001,0.0014,3.3649
3,156,1.22103,1440,21275,22578,1,0,8.8934,0.0018,2.4165,1.9173,0,0,0.0002,0.001,3.3454
3,157,1.15292,1440,21275,22720,1,0,8.9235,0.0016,2.4357,1.9052,0,0,0.0001,0.001,3.3496
3,158,1.09082,1440,21275,22862,1,0,5.2829,0.0018,2.4758,1.9017,0,0,0.0002,0.001,0.0016
3,159,1.03424,1440,21275,23004,1,0,5.2116,0.0016,2.4128,1.8766,0,0,0.0002,0.0009,0.0015
3,160,0.982714,1440,21275,23146,1,0,4.8929,0.0015,2.399,1.8783,0,0,0.0001,0.0007,0.001
3,161,0.935842,1440,21275,23288,1,0,5.1735,0.0012,2.4126,1.8977,0,0,0.0001,0.001,0.0011
3,162,0.893248,1440,21275,23430,1,0,5.1556,0.0012,2.3846,1.8821,0,0,0,0.0007,0.0012
3,163,0.854596,1440,21275,23572,1,0,4.899,0.0013,2.3953,1.8827,0,0,0.0001,0.0007,0.001
3,164,0.819581,1440,21275,23714,1,0,5.221,0.001,2.442,1.8953,0,0,0,0.0008,0.0012
3,165,0.787932,1440,21275,23856,1,0,5.3551,0.0018,2.5015,1.8824,0,0,0,0.0008,0.0012
3,166,0.759401,1440,21275,23998,1,0,5.0415,0.0015,2.5177,1.8712,0,0,0.0001,0.0007,0.0012
3,167,0.73377,1440,21275,24140,1,0,5.7339,0.0012,2.5216,1.9021,0,0,0.0001,0.0007,0.0013
3,168,0.710842,1440,21275,24282,1,0,5.0304,0.0012,2.5094,1.8858,0,0,0.0001,0.0007,0.001
3,169,0.690442,1440,21275,24424,1,0,5.3048,0.0012,2.5171,1.9046,0,0,0.0001,0.0008,0.0011
3,170,0.672417,1440,21275,24566,1,0,5.0462,0.0013,2.5255,1.8703,0,0,0,0.001,0.0011
3,171,0.65663,1440,21275,24708,1,0,5.0099,0.0013,2.4996,1.879,0,0,0.0001,0.0006,0.0011
3,172,0.642964,1440,21275,24850,1,0,5.2048,0.0011,2.4922,1.8759,0,0,0,0.0007,0.001
3,173,0.631317,1440,21275,24992,1,0,5.079,0.0014,2.5545,1.8782,0,0,0,0.0007,0.0011
3,174,0.621603,1440,21275,25134,1,0,5.1647,0.0012,2.4798,1.8663,0,0,0.0001,0.0006,0.0011
3,175,0.613751,1440,21275,25276,1,0,5.2277,0.001,2.4818,1.8734,0,0,0.0001,0.0008,0.0011
3,176,0.607702,1440,21275,25418,1,0,5.4675,0.0014,2.9049,1.8694,0,0,0,0.0009,0.0013
3,177,0.603413,1440,21275,25560,1,0,5.3673,0.0014,2.5652,1.9199,0,0,0,0.001,0.0013
3,178,0.600852,1440,21275,25702,1,0,5.4674,0.0013,2.5475,1.9199,0,0,0.0001,0.0008,0.002
3,179,0.6,1440,21275,25844,1,0,5.1785,0.0021,2.5869,1.9047,0,0,0,0.001,0.0014
4,0,0.6,525600,21417,25986,2,1,21.5641,0.0014,3.3601,17.1232,0,0,0.0002,0.0026,0.0035
4,1,0.600852,1440,21417,26128,2,0,7.5224,0.0017,2.6242,3.9619,0,0,0,0.0014,0.002
4,2,0.603413,1440,21417,26270,2,0,7.6552,0.0015,2.5968,3.9964,0,0,0.0001,0.0015,0.0021
4,3,0.607702,1440,21417,26412,2,0,8.9371,0.0015,2.6153,4.9073,0,0,0.0004,0.0027,0.004
4,4,0.613751,1440,21417,26554,2,0,7.5393,0.0038,2.6741,3.9039,0,0,0.0002,0.001,0.0018
4,5,0.621603,1440,21417,26696,2,0,7.5092,0.0015,2.5818,3.9423,0,0,0.0002,0.0014,0.0021
4,6,0.631317,1440,21417,26838,2,0,7.1901,0.0023,2.5768,3.9235,0,0,0,0.0008,0.0012
4,7,0.642964,1440,21417,26980,2,0,7.527,0.0015,2.5842,3.9796,0,0,0.0001,0.0013,0.0013
4,8,0.65663,1440,21417,27122,2,0,7.1566,0.0014,2.5786,3.9158,0,0,0.0001,0.0008,0.0017
4,9,0.672417,1440,21417,27264,2,0,7.5483,0.0015,2.5804,3.9634,0,0,0.0002,0.0013,0.0025
4,10,0.690442,1440,21417,27406,2,0,7.5448,0.002,2.5948,3.9349,0,0,0.0001,0.0012,0.0018
4,11,0.710842,1440,21417,27548,2,0,7.5948,0.0019,2.6019,4.0079,0,0,0.0001,0.0015,0.0022
4,12,0.73377,1440,21417,27690,2,0,7.5533,0.003,2.5831,3.9405,0,0,0.0001,0.0014,0.0018
4,13,0.759401,1440,21417,27832,2,0,8.2526,0.0016,2.6129,4.6445,0,0,0.0004,0.0023,0.0027
4,14,0.787932,1440,21417,27974,2,0,7.6798,0.002,2.5713,3.9997,0,0,0.0001,0.0025,0.0039
4,15,0.819581,1440,21417,28116,2,0,7.981,0.0021,2.4631,4.1367,0,0,0.0002,0.0034,0.0042
4,16,0.854596,1440,21417,28258,2,0,7.4696,0.004,2.6069,3.9966,0,0,0.0001,0.0018,0.0024
4,17,0.893248,1440,21417,28400,2,0,8.0267,0.0019,2.5198,3.9409,0,0,0.0001,0.0011,0.0019
4,18,0.935842,1440,21417,28542,2,0,8.779,0.0023,2.4723,5.2738,0,0,0.0004,0.0021,0.0038
4,19,0.982714,1440,21417,28684,2,0,7.6752,0.0028,2.5174,4.0839,0,0,0.0001,0.0016,0.0015
4,20,1.03424,1440,21417,28826,2,0,7.6397,0.0021,2.4611,4.1995,0,0,0.0002,0.0022,0.0035
4,21,1.09082,1440,21417,28968,2,0,7.4395,0.0018,2.4967,4.1007,0,0,0.0002,0.0018,0.0025
4,22,1.15292,1440,21417,29110,2,0,11.5811,0.0044,2.5289,4.1001,0,0,0.0001,0.0016,3.5138
4,23,1.22103,1440,21417,29252,2,0,11.6611,0.0018,2.5507,4.1163,0,0,0.0002,0.001,3.5147
4,24,1.2957,1440,21417,29394,2,0,17.2775,0.0022,2.7541,4.3899,0,0,0.0002,0.0033,4.3028
4,25,1.37755,1440,21417,29536,2,0,12.8096,0.0031,2.5431,4.0013,0,0,0.0002,0.0023,3.478
4,26,1.46721,1440,21417,29678,2,0,11.6224,0.003,2.5813,4.1249,0,0,0.0001,0.0019,3.4995
4,27,1.56543,1440,21417,29820,2,0,14.3912,0.002,3.3088,5.1596,0,0,0.0003,0.0026,4.5265
4,28,1.67299,1440,21417,29962,2,0,12.1483,0.0019,2.6915,4.3294,0,0,0.0003,0.0022,3.6851
4,29,1.79076,1440,21417,30104,2,0,11.0445,0.0022,2.5798,3.9364,0,0,0.0001,0.0019,3.2235
4,30,1.91967,1440,21417,30246,2,0,10.7959,0.0022,2.6267,4.0213,0,0,0.0002,0.0024,2.8773
4,31,2.06075,1440,21417,30388,2,0,9.8186,0.0021,2.628,3.4046,0,0,0.0002,0.0011,2.6697
4,32,2.21512,1440,21417,30530,2,0,9.4163,0.0037,2.5221,3.4449,0,0,0,0.0015,2.3927
4,33,2.38398,1440,21417,30672,2,0,8.6589,0.0015,2.5291,3.2699,0,0,0.0001,0.001,2.1065
4,34,2.56862,1440,21417,30814,2,0,19.9526,0.0014,10.5869,6.0987,0,0,0.0001,0.0015,1.9336
4,35,2.77047,1440,21417,30956,2,0,15.1228,0.0017,6.8548,5.7302,0,0,0.0001,0.0011,1.5414
4,36,2.99101,1440,21417,31098,2,0,12.7785,0.0025,5.3669,5.1161,0,0,0.0001,0.0015,1.1929
4,37,3.23189,1440,21417,31240,2,0,15.2313,0.0018,6.8662,6.4209,0,0,0.0001,0.0029,1.1623
4,38,3.49483,1440,21417,31382,2,0,12.9911,0.0022,6.3766,5.0337,0,0,0.0001,0.0018,0.7222
4,39,3.78168,1440,21417,31524,2,0,11.9155,0.0019,5.4953,4.7023,0,0,0.0002,0.0014,0.5085
4,40,4.0944,1440,21417,31666,2,0,10.6424,0.0016,4.5538,4.9988,0,0,0.0002,0.003,0.4922
4,41,4.43507,1440,21417,31808,2,0,9.787,0.0018,4.2853,4.4101,0,0,0.0001,0.0017,0.3552
4,42,4.80587,1440,21417,31950,2,0,11.5628,0.003,5.468,4.3984,0,0,0.0001,0.0017,0.3387
4,43,5.20909,1440,21417,32092,2,0,8.991,0.0018,3.7536,4.4365,0,0,0.0003,0.0018,0.2694
4,44,5.64713,1440,21417,32234,2,0,13.7362,0.0045,3.627,4.1163,0.344,0.0492,4.7343,0.002,0.3349
4,45,6.12247,525600,21559,32376,3,1,21.2843,0.0047,3.1019,12.2547,0.3069,0.0371,4.5002,0.0023,0.2401
4,46,6.63765,1440,21559,32518,3,0,12.2515,0.0046,3.1724,4.0017,0.2561,0.0218,4.0648,0.0018,0.2124
4,47,7.19528,1440,21559,32660,3,0,11.6086,0.0042,2.6328,3.9791,0.2675,0.0138,4.0523,0.0001,0.1733
4,48,7.79802,1440,21559,32802,3,0,12.2521,0.005,2.5263,4.0416,0.1922,0.0128,4.0524,0.0002,0.1726
4,49,8.44851,1440,21559,32944,3,0,6.9634,0.0038,0,0,0.1725,0.0117,6.1169,0.0001,0.171
4,50,9.14942,1440,21559,33086,3,0,7.1031,0.0037,0,0,0.1568,0.0102,6.2549,0.0001,0.1449
4,51,9.90332,1440,21559,33228,3,0,6.9154,0.0037,0,0,0.1449,0.0091,6.0937,0.0001,0.1375
4,52,10.7127,1440,21559,33370,3,0,7.0878,0.0031,0,0,0.1367,0.0075,6.0546,0,0.0996
4,53,11.58,1440,21559,33512,3,0,7.1278,0.0033,0,0.0001,0.1229,0.006,6.1583,0.0001,0.1053
4,54,12.5074,1440,21559,33654,3,0,7.3907,0.0031,0,0,0.1081,0.0053,6.1611,0,0.0961
4,55,13.4968,1440,21559,33796,3,0,6.8918,0.0032,0,0.0001,0.0951,0.0043,6.1754,0.0001,0.1031
4,56,14.5499,1440,21559,33938,3,0,7.2495,0.0031,0,0,0.0838,0.004,6.5358,0.0001,0.1118
4,57,15.6681,1440,21559,34080,3,0,7.6465,0.0048,0,0,0.1,0.004,6.629,0.0002,0.1117
4,58,16.8523,1440,21559,34222,3,0,8.0458,0.0043,0,0.0001,0.1002,0.0042,6.5678,0.0001,0.1248
4,59,18.103,1440,21559,34364,3,0,7.3883,0.0039,0,0,0.0846,0.005,6.6307,0.0003,0.1176
4,60,19.42,1440,21559,34506,3,0,7.5197,0.0036,0,0,0.0835,0.0047,6.1429,0.0001,0.0991
4,61,20.8028,1440,21559,34648,3,0,7.1006,0.0035,0,0,0.0644,0.0039,6.1815,0.0001,0.1007
4,62,22.2498,1440,21559,34790,3,0,7.4593,0.0037,0,0.0001,0.064,0.0044,6.1036,0.0001,0.0978
4,63,23.7592,1440,21559,34932,3,0,7.9946,0.0034,0,0,0.0532,0.0035,7.014,0.0002,0.0797
4,64,25.3279,1440,21559,35074,3,0,7.2311,0.0066,0,0.0001,0.0983,0.0047,6.23,0.0002,0.073
4,65,26.9524,1440,21559,35216,3,0,7.1523,0.004,0,0,0.0556,0.0039,6.2457,0.0002,0.0661
4,66,28.628,1440,21559,35358,3,0,6.7594,0.0039,0,0,0.0515,0.0033,6.1506,0,0.0544
4,67,30.3493,1440,21559,35500,3,0,6.8963,0.0028,0,0.0001,0.0414,0.003,6.0922,0,0.0527
4,68,32.1099,1440,21559,35642,3,0,6.6637,0.0037,0,0,0.0613,0.0035,6.0482,0.0002,0.062
4,69,33.9025,1440,21559,35784,3,0,6.8132,0.0029,0,0.0001,0.0411,0.0034,6.0006,0,0.0513
4,70,35.7189,1440,21559,35926,3,0,8.4666,0.0027,0,0,0.0345,0.0025,7.6551,0.0003,0.0628
4,71,37.55,1440,21559,36068,3,0,6.9341,0.0033,0,0,0.0366,0.0028,6.1314,0.0001,0.0576
4,72,39.3859,1440,21559,36210,3,0,6.6181,0.0029,0,0,0.0339,0.0024,6.0631,0.0001,0.0574
4,73,41.2159,1440,21559,36352,3,0,6.4931,0.0027,0,0,0.0339,0.002,5.9582,0,0.0508
4,74,43.0287,1440,21559,36494,3,0,6.9243,0.0025,0,0,0.0336,0.0018,6.1146,0.0001,0.056
4,75,44.8122,1440,21559,36636,3,0,6.7395,0.0037,0,0,0.0369,0.0023,6.1483,0.0002,0.0606
4,76,46.5543,1440,21559,36778,3,0,6.8639,0.0031,0,0,0.0338,0.002,6.02,0.0001,0.0623
4,77,48.2421,1440,21559,36920,3,0,7.2937,0.0038,0,0,0.0346,0.002,6.3525,0.0002,0.0825
4,78,49.8629,1440,21559,37062,3,0,6.98,0.0046,0,0.0001,0.0416,0.003,6.1562,0.0003,0.0647
4,79,51.4039,1440,21559,37204,3,0,7.9155,0.0063,0,0.0001,0.0569,0.004,7.1934,0.0002,0.0796
4,80,52.8524,1440,21559,37346,3,0,6.7754,0.0051,0,0,0.0345,0.0032,6.1405,0.0004,0.0655
4,81,54.1964,1440,21559,37488,3,0,7.4086,0.0038,0,0,0.0295,0.0023,6.1438,0.0001,0.0673
4,82,55.424,1440,21559,37630,3,0,7.1256,0.0044,0,0,0.0357,0.0027,6.2184,0.0002,0.0667
4,83,56.5243,1440,21559,37772,3,0,7.6625,0.0038,0,0,0.0327,0.0026,6.265,0.0002,0.0692
4,84,57.4875,1440,21559,37914,3,0,6.5924,0.0037,0,0,0.029,0.0024,6.0496,0,0.053
4,85,58.3045,1440,21559,38056,3,0,8.3359,0.0027,0,0,0.0269,0.0015,6.4612,0,0.0759
4,86,58.9677,1440,21559,38198,3,0,6.7457,0.0049,0,0,0.0373,0.0024,6.1336,0.0001,0.0652
4,87,59.4707,1440,21559,38340,3,0,6.7415,0.0031,0,0,0.0291,0.0022,6.1943,0.0001,0.0528
4,88,59.8088,1440,21559,38482,3,0,6.9411,0.0028,0,0,0.0263,0.0022,6.0966,0.0001,0.062
4,89,59.9787,1440,21559,38624,3,0,6.649,0.0042,0,0,0.0306,0.0019,6.0994,0,0.0529
4,90,59.9787,525600,21701,38766,4,1,15.2312,0.003,0,0,0.0276,0.0017,14.3565,0.0002,0.0688
4,91,59.8088,1440,21701,38908,4,0,7.0029,0.0044,0,0,0.0334,0.0022,5.9685,0.0002,0.0606
4,92,59.4707,1440,21701,39050,4,0,6.5204,0.0038,0,0.0001,0.0321,0.0024,5.9411,0.0002,0.0606
4,93,58.9677,1440,21701,39192,4,0,6.718,0.0034,0,0,0.0309,0.002,6.1382,0.0001,0.0561
4,94,58.3045,1440,21701,39334,4,0,6.9004,0.0029,0,0,0.0284,0.0023,6.0267,0.0001,0.0684
4,95,57.4875,1440,21701,39476,4,0,6.811,0.0047,0,0.0001,0.0332,0.0024,6.1792,0.0002,0.0628
4,96,56.5243,1440,21701,39618,4,0,7.0178,0.0033,0,0,0.0341,0.0022,6.1459,0.0004,0.0669
4,97,55.424,1440,21701,39760,4,0,6.8809,0.0037,0,0,0.0326,0.0026,6.0021,0.0002,0.0561
4,98,54.1964,1440,21701,39902,4,0,6.6555,0.003,0,0.0001,0.0299,0.0023,6.1117,0.0002,0.0514
4,99,52.8524,1440,21701,40044,4,0,6.787,0.0029,0,0,0.0274,0.0017,5.9843,0.0001,0.056
4,100,51.4039,1440,21701,40186,4,0,6.6215,0.0034,0,0.0001,0.0334,0.0017,6.057,0.0001,0.0568
4,101,49.8629,1440,21701,40328,4,0,7.3688,0.0034,0,0,0.0297,0.0018,6.4795,0.0003,0.0738
4,102,48.2421,1440,21701,40470,4,0,6.8091,0.0045,0,0.0002,0.0397,0.0025,6.2348,0.0001,0.0561
4,103,46.5543,1440,21701,40612,4,0,8.7339,0.0029,0,0,0.037,0.0021,6.098,0.0008,0.0689
4,104,44.8122,1440,21701,40754,4,0,7.0691,0.0044,0,0,0.0351,0.0024,6.4739,0.0001,0.0618
4,105,43.0287,1440,21701,40896,4,0,6.8262,0.0033,0,0.0001,0.0366,0.002,6.2206,0.0001,0.0582
4,106,41.2159,1440,21701,41038,4,0,7.0035,0.0054,0,0,0.0449,0.0027,6.1209,0.0002,0.0675
4,107,39.3859,1440,21701,41180,4,0,6.5184,0.0037,0,0.0001,0.0369,0.0029,5.967,0.0001,0.0533
4,108,37.55,1440,21701,41322,4,0,7.1414,0.0026,0,0.0001,0.0348,0.0025,6.2273,0.0003,0.0893
4,109,35.7189,1440,21701,41464,4,0,6.7269,0.0036,0,0.0001,0.0368,0.0029,6.1536,0,0.0537
4,110,33.9025,1440,21701,41606,4,0,7.0684,0.0032,0,0,0.042,0.0024,6.1988,0,0.0621
4,111,32.1099,1440,21701,41748,4,0,6.5736,0.0042,0,0.0001,0.0443,0.0029,5.9684,0.0002,0.0624
4,112,30.3493,1440,21701,41890,4,0,6.8146,0.0034,0,0,0.0459,0.0036,6.2204,0.0001,0.0584
4,113,28.628,1440,21701,42032,4,0,7.184,0.0031,0,0.0001,0.0528,0.0032,6.2363,0.0002,0.0734
4,114,26.9524,1440,21701,42174,4,0,6.8393,0.0064,0,0.0001,0.081,0.0045,6.1488,0.0001,0.0647
4,115,25.3279,1440,21701,42316,4,0,7.1826,0.0039,0,0,0.0585,0.0036,6.2792,0.0001,0.064
4,116,23.7592,1440,21701,42458,4,0,6.7659,0.0033,0,0,0.0599,0.0043,6.1552,0.0001,0.0553
4,117,22.2498,1440,21701,42600,4,0,8.2546,0.0033,0,0.0001,0.0584,0.0035,6.3553,0.0003,0.1676
4,118,20.8028,1440,21701,42742,4,0,7.4796,0.0055,0,0.0001,0.0742,0.0048,6.1764,0.0001,0.1165
4,119,19.42,1440,21701,42884,4,0,7.2314,0.005,0,0,0.074,0.0049,6.316,0.0002,0.1708
4,120,18.103,1440,21701,43026,4,0,7.0613,0.004,0,0,0.0794,0.0047,6.0471,0.0004,0.1124
4,121,16.8523,1440,21701,43168,4,0,6.8751,0.0036,0,0,0.0818,0.0056,6.1731,0,0.0912
4,122,15.6681,1440,21701,43310,4,0,7.2265,0.0046,0,0.0001,0.1216,0.0057,6.184,0.0002,0.1067
4,123,14.5499,1440,21701,43452,4,0,6.7163,0.0036,0,0,0.0897,0.0064,6.0338,0.0001,0.0931
4,124,13.4968,1440,21701,43594,4,0,7.353,0.003,0,0,0.0936,0.0052,6.1101,0.0003,0.1082
4,125,12.5074,1440,21701,43736,4,0,6.9417,0.0043,0,0,0.1143,0.0068,6.2325,0,0.0961
4,126,11.58,1440,21701,43878,4,0,6.9451,0.0029,0,0,0.1108,0.0069,6.2583,0,0.0957
4,127,10.7127,1440,21701,44020,4,0,6.8465,0.004,0,0,0.1903,0.0099,6.0424,0.0001,0.099
4,128,9.90332,1440,21701,44162,4,0,6.7838,0.0034,0,0.0001,0.139,0.009,6.0339,0,0.1295
4,129,9.14942,1440,21701,44304,4,0,7.2674,0.0028,0,0,0.1523,0.0111,6.2053,0.0001,0.1402
4,130,8.44851,1440,21701,44446,4,0,8.918,0.0042,0,0.0001,0.1745,0.0143,7.7845,0.0001,0.2389
4,131,7.79802,1440,21701,44588,4,0,15.0147,0.0047,4.2456,5.1132,0.3263,0.0162,4.6542,0.0002,0.1727
4,132,7.19528,1440,21701,44730,4,0,12.2694,0.0037,2.5545,4.0173,0.2299,0.0138,4.0606,0.0001,0.1732
4,133,6.63765,1440,21701,44872,4,0,12.0641,0.006,3.1168,3.9557,0.2439,0.018,4.0304,0.0015,0.2047
4,134,6.12247,1440,21701,45014,4,0,12.5249,0.0035,3.0718,4.4484,0.2796,0.0299,3.9946,0.0012,0.2259
4,135,5.64713,525600,21843,45156,5,1,22.5832,0.0034,3.4567,12.392,0.3375,0.0488,4.1103,0.0018,0.2651
4,136,5.20909,1440,21843,45298,5,0,9.8115,0.0039,4.0436,4.2607,0,0,0.0001,0.001,0.2522
4,137,4.80587,1440,21843,45440,5,0,10.0335,0.0029,4.6716,4.439,0,0,0.0001,0.0015,0.3127
4,138,4.43507,1440,21843,45582,5,0,11.0757,0.0017,4.1188,4.3181,0,0,0.0001,0.0007,0.3524
4,139,4.0944,1440,21843,45724,5,0,11.636,0.003,5.4106,4.4002,0,0,0.0002,0.0014,0.4708
4,140,3.78168,1440,21843,45866,5,0,11.5284,0.0015,5.7615,4.6753,0,0,0.0004,0.0014,0.5225
4,141,3.49483,1440,21843,46008,5,0,11.4365,0.0015,5.2075,4.9576,0,0,0.0001,0.0021,0.7185
4,142,3.23189,1440,21843,46150,5,0,12.2425,0.0015,5.1113,5.0048,0,0,0,0.0008,0.85
4,143,2.99101,1440,21843,46292,5,0,13.4006,0.0013,5.2684,5.2449,0,0,0.0002,0.0011,1.1918
4,144,2.77047,1440,21843,46434,5,0,16.0886,0.0018,7.0904,5.6268,0,0,0.0001,0.0013,1.548
4,145,2.56862,1440,21843,46576,5,0,18.0139,0.0021,7.6691,6.5318,0,0,0.0003,0.0041,2.179
4,146,2.38398,1440,21843,46718,5,0,9.2522,0.0017,2.5827,3.3706,0,0,0.0002,0.0023,2.2584
4,147,2.21512,1440,21843,46860,5,0,9.4572,0.0019,2.6031,3.3683,0,0,0.0001,0.0014,2.497
4,148,2.06075,1440,21843,47002,5,0,10.2979,0.0019,2.6061,3.2842,0,0,0.0001,0.0016,2.6667
4,149,1.91967,1440,21843,47144,5,0,12.8127,0.0019,2.6934,4.3429,0,0,0.0001,0.0028,4.025
4,150,1.79076,1440,21843,47286,5,0,14.0105,0.0026,3.464,4.6788,0,0,0.0003,0.0035,4.1954
4,151,1.67299,1440,21843,47428,5,0,15.2329,0.0025,3.8394,4.6293,0,0,0.0002,0.0023,4.4006
4,152,1.56543,1440,21843,47570,5,0,12.8272,0.0025,3.4687,4.034,0,0,0.0002,0.0017,3.4198
4,153,1.46721,1440,21843,47712,5,0,11.7687,0.0018,2.6142,3.9457,0,0,0.0001,0.0016,3.3591
4,154,1.37755,1440,21843,47854,5,0,16.8339,0.002,2.43,4.166,0,0,0.0002,0.0011,3.5177
4,155,1.2957,1440,21843,47996,5,0,12.2039,0.0018,2.5496,4.1326,0,0,0.0002,0.0014,3.6654
4,156,1.22103,1440,21843,48138,5,0,11.4018,0.0018,2.438,4.0048,0,0,0.0001,0.0012,3.3654
4,157,1.15292,1440,21843,48280,5,0,11.4979,0.0025,2.5365,3.9672,0,0,0.0002,0.0015,3.3955
4,158,1.09082,1440,21843,48422,5,0,7.8461,0.0019,2.4215,4.1814,0,0,0.0002,0.002,0.0029
4,159,1.03424,1440,21843,48564,5,0,7.7949,0.0018,2.4095,3.9561,0,0,0.0001,0.0011,0.0015
4,160,0.982714,1440,21843,48706,5,0,10.2163,0.0013,2.638,4.1591,0,0,0.0002,0.0023,0.0025
4,161,0.935842,1440,21843,48848,5,0,11.5969,0.0019,2.4058,8.4762,0,0,0.0001,0.0013,0.002
4,162,0.893248,1440,21843,48990,5,0,7.1376,0.0025,2.5353,3.9357,0,0,0.0001,0.0016,0.0019
4,163,0.854596,1440,21843,49132,5,0,12.1283,0.0014,2.4078,9.0149,0,0,0.0002,0.0019,0.0035
4,164,0.819581,1440,21843,49274,5,0,7.2425,0.002,2.4589,4.1302,0,0,0.0001,0.0013,0.0019
4,165,0.787932,1440,21843,49416,5,0,7.4526,0.0017,2.6982,3.9712,0,0,0.0001,0.0015,0.0021
4,166,0.759401,1440,21843,49558,5,0,7.7721,0.002,2.6195,3.9287,0,0,0.0002,0.001,0.0017
4,167,0.73377,1440,21843,49700,5,0,8.2144,0.0017,2.7054,3.9402,0,0,0.0001,0.0011,0.0017
4,168,0.710842,1440,21843,49842,5,0,8.1218,0.0018,2.6274,4.0071,0,0,0.0001,0.0012,0.0016
4,169,0.690442,1440,21843,49984,5,0,8.3394,0.0014,2.5957,3.9847,0,0,0.0002,0.0008,0.0014
4,170,0.672417,1440,21843,50126,5,0,10.3238,0.0036,4.7967,3.9904,0,0,0.0002,0.0013,0.0022
4,171,0.65663,1440,21843,50268,5,0,7.8879,0.0017,2.5589,3.9547,0,0,0.0001,0.0011,0.0014
4,172,0.642964,1440,21843,50410,5,0,7.89,0.0016,2.579,3.976,0,0,0.0001,0.0013,0.0014
4,173,0.631317,1440,21843,50552,5,0,8.5514,0.0014,2.5614,3.9234,0,0,0.0001,0.0007,0.0011
4,174,0.621603,1440,21843,50694,5,0,8.0347,0.0023,2.5938,3.9906,0,0,0.0001,0.0008,0.0017
4,175,0.613751,1440,21843,50836,5,0,8.7097,0.0016,2.5538,3.9827,0,0,0.0001,0.0009,0.0012
4,176,0.607702,1440,21843,50978,5,0,8.0077,0.0021,2.5824,4.1264,0,0,0.0002,0.0025,0.0035
4,177,0.603413,1440,21843,51120,5,0,9.0113,0.002,2.6117,4.1579,0,0,0.0002,0.0022,0.0029
4,178,0.600852,1440,21843,51262,5,0,10.2816,0.0018,3.5859,4.4403,0,0,0.0002,0.0023,0.0029
4,179,0.6,1440,21843,51404,5,0,9.6602,0.0022,2.5944,5.133,0,0,0.0002,0.003,0.0041
